指标名称,中国:社会消费品零售总额:当月同比,中国:CPI:当月同比,中国:PPI:全部工业品:当月同比,中国:工业增加值:规模以上工业企业:当月同比,中国:出口金额:当月同比,中国:进口金额:当月同比,固定资产投资完成额:累计同比,房地产开发投资完成额:累计同比,固定资产投资完成额:制造业:累计同比,固定资产投资完成额:基础设施建设:累计同比,中国:M2:同比,中国:社会融资规模:当月值,中国:开工率:电炉,银行间质押式回购加权利率:7天,加拿大:基准债券收益率:5年,菲律宾:国债收益率:6个月,越南:国债收益率:1年,义乌中国小商品指数:日用品类:价格指数,日元指数,中国:开工率:聚氯乙烯:上游,GC001:收盘价,中国:开工率:乙二醇(非乙烯法),义乌中国小商品指数:网上价格指数,中国香港:政府债券收益率:3月,义乌中国小商品指数:首饰类:出口价格指数,义乌中国小商品指数:总价格指数,中国:开工率:尿素,义乌中国小商品指数:辅料和包装类:价格指数,中国:开工率:螺纹钢:主要钢厂,花旗欧洲经济意外指数,收盘价:焦炭,地缘政治行为指数,义乌中国小商品指数:订单价格指数,新加坡:国库券收益率:6个月,义乌中国小商品指数:钟表眼镜类:出口价格指数,中国:开工率:纯碱,义乌中国小商品指数:日用品类:出口价格指数,1年期国债收益率,中国进口集装箱运价指数:综合指数,中国:水泥价格指数,中国出口集装箱运价指数:综合指数,义乌中国小商品指数:箱包类:价格指数,中国:iCPI:教育文化和娱乐:日环比,德国:上市联邦证券利率期限结构:1年期,义乌中国小商品指数:服装服饰类:出口价格指数,出厂价:液化气(汽运):荆门石化,EURIBOR:6个月,韩国:KOSPI指数,中国:华北:开工率:聚氯乙烯:下游,成品油运输指数(BCTI),义乌中国小商品指数:工艺品类:出口价格指数,义乌中国小商品指数:玩具类:出口价格指数,"中国:价格:螺纹钢(HRB400,20mm)",义乌中国小商品指数:服装服饰类:价格指数,中国:出厂价:石油焦(2#B):武汉石化,中国:经销价:汽油(93#IV):成都中石化,欧元兑美元,USDCNH:即期汇率,义乌中国小商品指数:护理及美容用品类:价格指数,中国:iCPI:其他用品和服务:日环比,印度:国债收益率:3月,印尼:日用商品现价:天然棕榈油:棉兰,欧元区:公债收益率:即期利率收益率曲线:所有债券:6个月,中国:互联网搜索指数:找工作,美元指数,银行间同业拆借加权利率:7天,义乌中国小商品指数:辅料和包装类:出口价格指数,中国:iCPI:居住:日环比,义乌中国小商品指数:护理及美容用品类:出口价格指数,中国:iCPI:衣着:日环比,义乌中国小商品指数:箱包类:出口价格指数,义乌中国小商品指数:玩具类:价格指数,波罗的海干散货指数(BDI),山东:库提价:港口内贸燃料油(4#船用),义乌中国小商品指数:五金及电料类:出口价格指数,"武汉:价格:热轧板卷(Q235B,3.0mm)",义乌中国小商品指数:鞋类:出口价格指数,义乌中国小商品指数:体育娱乐用品类:价格指数,期货结算价(活跃合约):IPE布油,中国:开工率:线材:主要钢厂,义乌中国小商品指数:鞋类:价格指数,山东:价格:方坯(Q235),义乌中国小商品指数:首饰类:价格指数,义乌中国小商品指数:五金及电料类:价格指数,中国:开工率:聚氯乙烯,韩国:国债收益率:3年,原油运输指数(BDTI),中国:iCPI:生活用品及服务:日环比,期货结算价(活跃合约):NYMEX轻质原油,地缘政治威胁指数,义乌中国小商品指数:电子电器类:价格指数,中国:iCPI:食品烟酒:日环比,花旗十国集团经济意外指数,中国:开工率:产能(<100万吨):焦化企业(230家),中国:华东:开工率:聚氯乙烯:下游,温州指数:温州地区民间融资综合利率,收盘价:美元兑韩元,中国:开工率:聚苯乙烯,英镑兑美元,远东干散货指数(FDI):运价指数,义乌中国小商品指数:工艺品类:价格指数,中国:iCPI:交通和通信:日环比,南华工业品指数,中国:开工率:石油沥青装置,地缘政治风险指数,义乌中国小商品指数:电子电器类:出口价格指数,远东干散货指数(FDI):综合指数,花旗美国经济意外指数,南华综合指数,期货收盘价(活跃合约):焦煤,中国:开工率:聚苯乙烯泡沫,中国:开工率:甲醇,LIBOR:美元:3个月,义乌中国小商品指数:体育娱乐用品类:出口价格指数,美元兑日元,印尼:日用商品现价:咖啡:棉兰,义乌中国小商品指数:文化办公用品类:价格指数,中国:中间价:美元兑人民币,中国:开工率:汽车轮胎(半钢胎),花旗新兴市场经济意外指数,中国:SHIBOR:隔夜,中国:iCPI:医疗保健:日环比,中国:互联网搜索指数:招聘,义乌中国小商品指数:针、纺织品类:出口价格指数,美国:5年期盈亏平衡通胀率:非季调,中国进口原油运价指数:综合指数,中国:华南:开工率:聚氯乙烯:下游,义乌中国小商品指数:文化办公用品类:出口价格指数,中国:开工率:汽车轮胎(全钢胎),运价:液化气(压力货):华南-海防港,泰国:债券市场协会指数:总收益:政府债券指数,上证综合指数,义乌中国小商品指数:出口价格指数,黎城:价格(干基含税):铁精粉(66%),中间价:欧元兑人民币,法国:国债收益率:1个月,南华能化指数,花旗中国经济意外指数,"中国:现货价(到岸价):焦煤(峰景矿,A:10.5%,V:21.5%,S:0.61%,G:87,Y:19,Mt:10%,CSR74,澳大利亚产)",唐山:市场价(不含税):废钢(6-8mm),温州指数:温州地区民间融资综合利率:社会直接融资利率,义乌中国小商品指数:钟表眼镜类:价格指数,中国:开工率:苯乙烯,南华金属指数,日本:企业债有效收益率:综合,"河南:车板价:焦煤(A≤10%,V:25-27%,S≤0.5%,G>75,Mt:8%,平顶山产)"
2001-02-01,8.60,0.00,0.90,19.00 ,28.40,35.80,16.70,23.00,,,15.20,,,,,,,,,,,,,,,,,,,,,,,,,,,,,,,,,,,,,,,,,,,,,,,,,,,,,,,,,,,,,,,,,,,,,,,,,,,,,,,,,,,,,,,,,,,,,,,,,,,,,,,,,,,,,,,,,,,,,,,,,,,,,,,,,,,,,,,
2001-03-01,9.50,0.80,0.20,12.10 ,14.30,16.50,15.10,22.90,,,14.83,,,,,,,,,,,,,,,,,,,,,,,,,,,,,,,,,,,,,,,,,,,,,,,,,,,,,,,,,,,,,,,,,,,,,,,,,,,,,,,,,,,,,,,,,,,,,,,,,,,,,,,,,,,,,,,,,,,,,,,,,,,,,,,,,,,,,,,
2001-04-01,9.70,1.60,-0.10,11.50 ,11.10,19.10,16.50,22.80,,,13.94,,,,,,,,,,,,,,,,,,,,,,,,,,,,,,,,,,,,,,,,,,,,,,,,,,,,,,,,,,,,,,,,,,,,,,,,,,,,,,,,,,,,,,,,,,,,,,,,,,,,,,,,,,,,,,,,,,,,,,,,,,,,,,,,,,,,,,,
2001-05-01,11.10,1.70,-0.20,10.20 ,3.50,10.90,17.60,26.50,,,14.48,,,,,,,,,,,,,,,,,,,,,,,,,,,,,,,,,,,,,,,,,,,,,,,,,,,,,,,,,,,,,,,,,,,,,,,,,,,,,,,,,,,,,,,,,,,,,,,,,,,,,,,,,,,,,,,,,,,,,,,,,,,,,,,,,,,,,,,
2001-06-01,10.00,1.40,-0.60,10.10 ,-0.60,4.80,17.90,28.20,,,14.30,,,,,,,,,,,,,,,,,,,,,,,,,,,,,,,,,,,,,,,,,,,,,,,,,,,,,,,,,,,,,,,,,,,,,,,,,,,,,,,,,,,,,,,,,,,,,,,,,,,,,,,,,,,,,,,,,,,,,,,,,,,,,,,,,,,,,,,
2001-07-01,9.80,1.50,-1.30,8.10 ,6.20,7.50,18.40,31.60,,,13.50,,,,,,,,,,,,,,,,,,,,,,,,,,,,,,,,,,,,,,,,,,,,,,,,,,,,,,,,,,,,,,,,,,,,,,,,,,,,,,,,,,,,,,,,,,,,,,,,,,,,,,,,,,,,,,,,,,,,,,,,,,,,,,,,,,,,,,,
2001-08-01,9.60,1.00,-2.00,8.10 ,0.90,6.70,18.90,32.10,,,13.60,,,,,,,,,,,,,,,,,,,,,,,,,,,,,,,,,,,,,,,,,,,,,,,,,,,,,,,,,,,,,,,,,,,,,,,,,,,,,,,,,,,,,,,,,,,,,,,,,,,,,,,,,,,,,,,,,,,,,,,,,,,,,,,,,,,,,,,
2001-09-01,9.90,-0.10,-2.90,9.50 ,4.40,5.50,18.20,31.40,,,13.60,,,,,,,,,,,,,,,,,,,,,,,,,,,,,,,,,,,,,,,,,,,,,,,,,,,,,,,,,,,,,,,,,,,,,,,,,,,,,,,,,,,,,,,,,,,,,,,,,,,,,,,,,,,,,,,,,,,,,,,,,,,,,,,,,,,,,,,
2001-10-01,10.50,0.20,-3.10,8.80 ,0.10,-0.20,17.40,31.20,,,12.90,,,,,,,,,,,,,,,,,,,,,,,,,,,,,,,,,,,,,,,,,,,,,,,,,,,,,,,,,,,,,,,,,,,,,,,,,,,,,,,,,,,,,,,,,,,,,,,,,,,,,,,,,,,,,,,,,,,,,,,,,,,,,,,,,,,,,,,
2001-11-01,10.10,-0.30,-3.70,7.90 ,8.40,-3.70,16.30,29.70,,,13.20,,,,,,,,,,,,,,,,,,,,,,,,,,,,,,,,,,,,,,,,,,,,,,,,,,,,,,,,,,,,,,,,,,,,,,,,,,,,,,,,,,,,,,,,,,,,,,,,,,,,,,,,,,,,,,,,,,,,,,,,,,,,,,,,,,,,,,,
2001-12-01,9.60,-0.30,-4.00,8.70 ,11.50,4.60,13.70,25.30,,,14.40,,,,,,,,,,,,,,,,,,,,,,,,,,,,,,,,,,,,,,,,,,,,,,,,,,,,,,,,,,,,,,,,,,,,,,,,,,,,,,,,,,,,,,,,,,,,,,,,,,,,,,,,,,,,,,,,,,,,,,,,,,,,,,,,,,,,,,,
2002-01-01,7.90,-1.00,-4.20,18.60 ,29.20,21.90,19.10,27.75,,,13.10,-472,,,,,,,,,,,,,,,,,,,,,,,,,,,,,,,,,,,,,,,,,,,,,,,,,,,,,,,,,,,,,,,,,,,,,,,,,,,,,,,,,,,,,,,,,,,,,,,,,,,,,,,,,,,,,,,,,,,,,,,,,,,,,,,,,,,,,,
2002-02-01,9.10,0.00,-4.20,2.70 ,1.80,-12.70,24.50,30.20,,,13.00,289,,,,,,,,,,,,,,,,,,,,,,,,,,,,,,,,,,,,,,,,,,,,,,,,,,,,,,,,,,,,,,,,,,,,,,,,,,,,,,,,,,,,,,,,,,,,,,,,,,,,,,,,,,,,,,,,,,,,,,,,,,,,,,,,,,,,,,
2002-03-01,8.30,-0.80,-4.00,10.90 ,3.40,8.50,26.10,36.20,,,14.40,3136,,,,,,,,,,,,,,,,,,,,,,,,,,,,,,,,,,,,,,,,,,,,,,,,,,,,,,,,,,,,,,,,,,,,,,,,,,,,,,,,,,,,,,,,,,,,,,,,,,,,,,,,,,,,,,,,,,,,,,,,,,,,,,,,,,,,,,
2002-04-01,8.20,-1.30,-3.06,12.10 ,17.20,17.80,27.10,38.80,,,14.10,1151,,,,,,,,,,,,,,,,,,,,,,,,,,,,,,,,,,,,,,,,,,,,,,,,,,,,,,,,,,,,,,,,,,,,,,,,,,,,,,,,,,,,,,,,,,,,,,,,,,,,,,,,,,,,,,,,,,,,,,,,,,,,,,,,,,,,,,
2002-05-01,9.30,-1.10,-2.63,12.90 ,18.40,19.30,25.80,36.70,,,14.00,1774,,,,,,,,,,,,,,,,,,,,,,,,,,,,,,,,,,,,,,,,,,,,,,,,,,,,,,,,,,,,,,,,,,,,,,,,,,,,,,,,,,,,,,,,,,,,,,,,,,,,,,,,,,,,,,,,,,,,,,,,,,,,,,,,,,,,,,
2002-06-01,8.60,-0.80,-2.50,12.40 ,17.80,8.60,24.40,32.90,,,14.70,2621,,,,,,,,,,,,,,,,,,,,,,,,,,,,,,,,,,,,,,,,,,,,,,,,,,,,,,,,,,,,,,,,,,,,,,,,,,,,,,,,,,,,,,,,,,,,,,,,,,,,,,,,,,,,,,,,,,,,,,,,,,,,,,,,,,,,,,
2002-07-01,8.60,-0.90,-2.30,12.80 ,28.10,28.90,24.10,30.70,,,14.40,813,,,,,,,,,,,,,,,,,,,,,,,,,,,,,,,,,,,,,,,,,,,,,,,,,,,,,,,,,,,,,,,,,,,,,,,,,,,,,,,,,,,,,,,,,,,,,,,,,,,,,,,,,,,,,,,,,,,,,,,,,,,,,,,,,,,,,,
2002-08-01,8.80,-0.70,-1.70,12.70 ,25.00,23.00,24.20,30.00,,,15.50,1585,,,,,,,,,,,,,,,,,,,,,,,,,,,,,,,,,,,,,,,,,,,,,,,,,,,,,,,,,,,,,,,,,,,,,,,,,,,,,,,,,,,,,,,,,,,,,,,,,,,,,,,,,,,,,,,,,,,,,,,,,,,,,,,,,,,,,,
2002-09-01,9.10,-0.70,-1.40,13.80 ,33.10,36.40,24.30,29.40,,,16.50,3507,,,,,,,,,,,,,,,,,,,,,,,,,,,,,,,,,,,,,,,,,,,,,,,,,,,,,,,,,,,,,,,,,,,,,,,,,,,,,,,,,,,,,,,,,,,,,,,,,,,,,,,,,,,,,,,,,,,,,,,,,,,,,,,,,,,,,,
2002-10-01,9.40,-0.80,-1.00,14.20 ,31.50,33.40,24.10,29.80,,,17.00,795,,,,,,,,,,,,,,,,,,,,,,,,,,,,,,,,,,,,,,,,,,,,,,,,,,,,,,,,,,,,,,,,,,,,,,,,,,,,,,,,,,,,,,,,,,,,,,,,,,,,,,,,,,,,,,,,,,,,,,,,,,,,,,,,,,,,,,
2002-11-01,9.10,-0.70,-0.40,14.50 ,30.00,37.90,23.40,28.20,,,16.60,1805,,,,,,,,,,,,,,,,,,,,,,,,,,,,,,,,,,,,,,,,,,,,,,,,,,,,,,,,,,,,,,,,,,,,,,,,,,,,,,,,,,,,,,,,,,,,,,,,,,,,,,,,,,,,,,,,,,,,,,,,,,,,,,,,,,,,,,
2002-12-01,9.20,-0.40,0.40,14.90 ,30.20,28.40,17.40,21.90,,,16.78,3109,,,,,,,,,,,,,,,,,,,,,,,,,,,,,,,,,,,,,,,,,,,,,,,,,,,,,,,,,,,,,,,,,,,,,,,,,,,,,,,,,,,,,,,,,,,,,,,,,,,,,,,,,,,,,,,,,,,,,,,,,,,,,,,,,,,,,,
2003-01-01,10.00,0.40,2.40,14.80 ,37.30,63.40,25.10,29.45,,,19.30,3386,,,,,,,,,,,,,,,,,,,,,,,,,,,,,,,,,,,,,,,,,,,,,,,,,,,,,,,,,,,,,,,,,,,,,,,,,,,,,,,,,,,,,,,,,,,,,,,,,,,,,,,,,,,,,,,,,,,,,,,,,,,,,,,,,,,,,,
2003-02-01,8.50,0.20,4.00,19.80 ,27.80,49.40,32.80,37.00,,,18.10,998,,,,,,,,,,,,,,,,,,,,,,,,,,,,,,,,,,,,,,,,,,,,,,,,,,,,,,,,,,,,,,,,,,,,,,,,,,,,,,,,,,,,,,,,,,,,,,,,,,,,,,,,,,,,,,,,,,,,,,,,,,,,,,,,,,,,,,
2003-03-01,9.30,0.90,4.60,16.90 ,34.70,45.10,31.60,34.94,,,18.54,4041,,,,,,,,,,,,,,,,,,,,,,,,,,,,,,,,,,,,,,,,,,,,,,,,,,,,,,,,,,,,,,,,,,,,,,,,,,,,,,,,,,,,,,,,,,,,,,,,,,,,,,,,,,,,,,,,,,,,,,,,,,,,,,,,,,,,,,
2003-04-01,7.70,1.00,3.60,14.90 ,33.30,34.40,30.50,33.54,,,19.20,2622,,,,,,,,,,,,,,,,,,,,,,,,,,,,,,,,,,,,,,,,,,,,,,,,,,,,,,,,,,,,,,,,,,,,,,,,,,,,,,,,,,,,,,,,,,,,,,,,,,,,,,,,,,,,,,,,,,,,,,,,,,,,,,,,,,,,,,
2003-05-01,4.30,0.70,2.00,13.70 ,37.30,40.90,31.70,32.87,,,20.20,2971,,,,,,,,,,,,,,,,,,,,,,,,,,,,,,,,,,,,,,,,,,,,,,,,,,,,,,,,,,,,,,,,,,,,,,,,,,,,,,,,,,,,,,,,,,,,,,,,,,,,,,,,,,,,,,,,,,,,,,,,,,,,,,,,,,,,,,
2003-06-01,8.30,0.30,1.30,16.90 ,32.60,40.10,32.80,33.98,,,20.83,5842,,,,,,,,,,,,,,,,,,,,,,,,,,,,,,,,,,,,,,,,,,,,,,,,,,,,,,,,,,,,,,,,,,,,,,,,,,,,,,,,,,,,,,,,,,,,,,,,,,,,,,,,,,,,,,,,,,,,,,,,,,,,,,,,,,,,,,
2003-07-01,9.80,0.50,1.40,16.50 ,30.60,35.30,32.70,34.10,,,20.70,1344,,,,,,,,,,,,,,,,,,,,,,,,,,,,,,,,,,,,,,,,,,,,,,,,,,,,,,,,,,,,,,,,,,,,,,,,,,,,,,,,,,,,,,,,,,,,,,,,,,,,,,,,,,,,,,,,,,,,,,,,,,,,,,,,,,,,,,
2003-08-01,9.90,0.90,1.40,17.10 ,27.20,27.30,32.40,33.11,,,21.55,3321,,,,,,,,,,,,,,,,,,,,,,,,,,,,,,,,,,,,,,,,,,,,,,,,,,,,,,,,,,,,,,,,,,,,,,,,,,,,,,,,,,,,,,,,,,,,,,,,,,,,,,,,,,,,,,,,,,,,,,,,,,,,,,,,,,,,,,
2003-09-01,9.50,1.10,1.40,16.30 ,31.30,39.90,31.40,32.84,,,20.67,4040,,,,,,,,,,,,,,,,,,,,,,,,,,,,,,,,,,,,,,,,,,,,,,,,,,,,,,,,,,,,,,,,,,,,,,,,,,,,,,,,,,,,,,,,,,,,,,,,,,,,,,,,,,,,,,,,,,,,,,,,,,,,,,,,,,,,,,
2003-10-01,10.20,1.80,1.20,17.20 ,36.70,39.70,30.20,31.26,,,20.97,1218,,,,,,,,,,,,,,,,,,,,,,,,,,,,,,,,,,,,,,,,,,,,,,,,,,,,,,,,,,,,,,,,,,,,,,,,,,,,,,,,,,,,,,,,,,,,,,,,,,,,,,,,,,,,,,,,,,,,,,,,,,,,,,,,,,,,,,
2003-11-01,9.70,3.00,1.90,17.90 ,33.80,28.50,29.60,32.46,,,20.37,1832,,,,,,,,,,,,,,,,,,,,,,,,,,,,,,,,,,,,,,,,,,,,,,,,,,,,,,,,,,,,,,,,,,,,,,,,,,,,,,,,,,,,,,,,,,,,,,,,,,,,,,,,,,,,,,,,,,,,,,,,,,,,,,,,,,,,,,
2003-12-01,10.90,3.20,3.00,18.10 ,50.70,47.40,28.40,29.72,,,19.60,2498,,,,,,,,,,,,,,,,,,,,,,,,,,,,,,,,,,,,,,,,,,,,,,,,,,,,,,,,,,,,,,,,,,,,,,,,,,,,,,,,,,,,,,,,,,,,,,,,,,,,,,,,,,,,,,,,,,,,,,,,,,,,,,,,,,,,,,
2004-01-01,11.80,3.20,3.50,7.20 ,19.80,15.20,40.70,39.96,,,18.10,2114,,,,,,,,,,,,,,,,,,,,,,,,,,,,,,,,,,,,,,,,,,,,,,,,,,,,,,,,,,,,,,,,,,,,,,,,,,,,,,,,,,,,,,,,,,,,,,,,,,,,,,,,,,,,,,,,,,,,,,,,,,,,,,,,,,,,,,
2004-02-01,9.20,2.10,3.50,23.20 ,39.50,77.00,53.00,50.20,98.20,40.85,19.40,438,,,,,,,,,,,,,,,,,,,,,,,,,,,,,,,,,,,,,,,,,,,,,,,,,,,,,,,,,,,,,,,,,,,,,,,,,,,,,,,,,,,,,,,,,,,,,,,,,,,,,,,,,,,,,,,,,,,,,,,,,,,,,,,,,,,,,,
2004-03-01,11.10,3.00,4.00,19.40 ,42.90,42.80,47.80,41.10,75.80,42.92,19.10,6557,,,,,,,,,,,,,,,,,,,,,,,,,,,,,,,,,,,,,,,,,,,,,,,,,,,,,,,,,,,,,,,,,,,,,,,,,,,,,,,,,,,,,,,,,,,,,,,,,,,,,,,,,,,,,,,,,,,,,,,,,,,,,,,,,,,,,,
2004-04-01,13.20,3.80,5.00,19.10 ,32.40,42.90,42.80,34.60,65.10,41.95,19.10,2731,,,,,,,,,,,,,,,,,,,,,,,,,,,,,,,,,,,,,,,,,,,,,,,,,,,,,,,,,,,,,,,,,,,,,,,,,,,,,,,,,,,,,,,,,,,,,,,,,,,,,,,,,,,,,,,,,,,,,,,,,,,,,,,,,,,,,,
2004-05-01,17.80,4.40,5.70,17.50 ,32.80,35.40,34.80,32.00,51.30,34.61,17.50,2443,,,,,,,,,,,,,,,,,,,,,,,,,,,,,,,,,,,,,,,,,,,,,,,,,,,,,,,,,,,,,,,,,,,,,,,,,,,,,,,,,,,,,,,,,,,,,,,,,,,,,,,,,,,,,,,,,,,,,,,,,,,,,,,,,,,,,,
2004-06-01,13.90,5.00,6.40,16.20 ,46.50,50.50,31.00,28.70,42.00,33.43,16.20,3229,,,,,,,,,,,,,,,,,,,,,,,,,,,,,,,,,,,,,,,,,,,,,,,,,,,,,,,,,,,,,,,,,,,,,,,,,,,,,,,,,,,,,,,,,,,,,,,,,,,,,,,,,,,,,,,,,,,,,,,,,,,,,,,,,,,,,,
2004-07-01,13.20,5.30,6.40,15.50 ,33.90,34.20,31.10,28.60,41.90,33.25,15.30,590,,,,,,,,,,,,,,,,,,,,,,,,,,,,,,,,,,,,,,,,,,,,,,,,,,,,,,,,,,,,,,,,,,,,,,,,,,,,,,,,,,,,,,,,,,,,,,,,,,,,,,,,,,,,,,,,,,,,,,,,,,,,,,,,,,,,,,
2004-08-01,13.10,5.30,6.80,15.90 ,37.50,35.60,30.30,28.80,40.70,31.14,13.63,1501,,,,,,,,,,,,,,,,,,,,,,,,,,,,,,,,,,,,,,,,,,,,,,,,,,,,,,,,,,,,,,,,,,,,,,,,,,,,,,,,,,,,,,,,,,,,,,,,,,,,,,,,,,,,,,,,,,,,,,,,,,,,,,,,,,,,,,
2004-09-01,14.00,5.20,7.90,16.10 ,33.10,22.10,29.90,28.30,41.70,28.46,13.94,2981,,,,,,,,,,,,,,,,,,,,,,,,,,,,,,,,,,,,,,,,,,,,,,,,,,,,,,,,,,,,,,,,,,,,,,,,,,,,,,,,,,,,,,,,,,,,,,,,,,,,,,,,,,,,,,,,,,,,,,,,,,,,,,,,,,,,,,
2004-10-01,14.20,4.30,8.40,15.70 ,28.50,29.30,29.50,28.90,40.40,28.21,13.45,483,,,,,,,,,,,,,,,,,,,,,,,,,,,,,,,,,,,,,,,,,,,,,,,,,,,,,,,,,,,,,,,,,,,,,,,,,,,,,,,,,,,,,,,,,,,,,,,,,,,,,,,,,,,,,,,,,,,,,,,,,,,,,,,,,,,,,,
2004-11-01,13.90,2.80,8.10,14.80 ,45.90,38.50,28.90,29.20,39.20,27.51,14.00,1977,,,,,,,,,,,,,,,,,,,,,,,,,,,,,,,,,,,,,,,,,,,,,,,,,,,,,,,,,,,,,,,,,,,,,,,,,,,,,,,,,,,,,,,,,,,,,,,,,,,,,,,,,,,,,,,,,,,,,,,,,,,,,,,,,,,,,,
2004-12-01,14.50,2.40,7.10,14.40 ,32.70,24.60,27.60,28.10,36.30,24.86,14.60,3586,,,,,,,,,,,,,,,,,,,,,,,,,,,,,,,,,,,,,,,,,,,,,,,,,,,,,,,,,,,,,,,,,,,,,,,,,,,,,,,,,,,,,,,,,,,,,,,,,,,,,,,,,,,,,,,,,,,,,,,,,,,,,,,,,,,,,,
2005-01-01,11.50,1.90,5.80,20.90 ,42.10,23.90,26.05,27.55,28.05,29.74,14.13,3620,,,,,,,,,,,,,,,,,,,,,,,,,,,,,,,,,,,,,,,,,,,,,,,,,,,,,,,,,,,,,,,,,,,,,,,,,,,,,,,,,,,,,,,,,,,,,,,,,,,,,,,,,,,,,,,,,,,,,,,,,,,,,,,,,,,,,,
2005-02-01,15.80,3.90,5.38,7.60 ,30.00,-5.00,24.50,27.00,19.80,34.62,13.90,824,,,,,,,,,,,,,,,,,,,,,,,,,,,,,,,,,,,,,,,,,,,,,,,,,,,,,,,,,,,,,,,,,,,,,,,,,,,,,,,,,,,,,,,,,,,,,,,,,,,,,,,,,,,,,,,,,,,,,,,,,,,,,,,,,,,,,,
2005-03-01,13.90,2.70,5.60,15.10 ,32.80,18.60,25.30,26.70,25.60,30.53,14.00,4189,,,,,,,,,,,,,,,,,,,,,,,,,,,,,,,,,,,,,,,,,,,,,,,,,,,,,,,,,,,,,,,,,,,,,,,,,,,,,,,,,,,,,,,,,,,,,,,,,,,,,,,,,,,,,,,,,,,,,,,,,,,,,,,,,,,,,,
2005-04-01,12.20,1.80,5.78,16.00 ,31.90,16.20,25.70,25.90,28.80,27.68,14.10,1999,,,,,,,,,,,,,,,,,,,,,,,,,,,,,,,,,,,,,,,,,,,,,,,,,,,,,,,,,,,,,,,,,,,,,,,,,,,,,,,,,,,,,,,,,,,,,,,,,,,,,,,,,,,,,,,,,,,,,,,,,,,,,,,,,,,,,,
2005-05-01,12.80,1.80,5.90,16.60 ,30.30,15.00,26.40,24.30,31.70,25.01,14.60,1968,,,,,,,,,,,,,,,,,,,,,,,,,,,,,,,,,,,,,,,,,,,,,,,,,,,,,,,,,,,,,,,,,,,,,,,,,,,,,,,,,,,,,,,,,,,,,,,,,,,,,,,,,,,,,,,,,,,,,,,,,,,,,,,,,,,,,,
2005-06-01,12.90,1.60,5.20,16.80 ,30.60,15.10,27.10,23.50,35.10,26.17,15.67,4723,,,,,,,,,,,,,,,,,,,,,,,,,,,,,,,,,,,,,,,,,,,,,,,,,,,,,,,,,,,,,,,,,,,,,,,,,,,,,,,,,,,,,,,,,,,,,,,,,,,,,,,,,,,,,,,,,,,,,,,,,,,,,,,,,,,,,,
2005-07-01,12.70,1.80,5.20,16.10 ,28.70,12.40,27.20,23.50,35.10,26.48,16.30,629,,,,,,,,,,,,,,,,,,,,,,,,,,,,,,,,,,,,,,,,,,,,,,,,,,,,,,,,,,,,,,,,,,,,,,,,,,,,,,,,,,,,,,,,,,,,,,,,,,,,,,,,,,,,,,,,,,,,,,,,,,,,,,,,,,,,,,
2005-08-01,12.50,1.30,5.30,16.00 ,33.20,23.50,27.40,22.30,35.70,27.34,17.34,2097,,,,,,,,,,,,,,,,,,,,,,,,,,,,,,,,,,,,,,,,,,,,,,,,,,,,,,,,,,,,,,,,,,,,,,,,,,,,,,,,,,,,,,,,,,,,,,,,,,,,,,,,,,,,,,,,,,,,,,,,,,,,,,,,,,,,,,
2005-09-01,12.70,0.90,4.50,16.50 ,25.90,23.50,27.70,22.20,36.10,28.34,17.92,6041,,,,,,,,,,,,,,,,,,,,,,,,,,,,,,,,,,,,,,,,,,,,,,,,,,,,,,,,,,,,,,,,,,,,,,,,,,,,,,,,,,,,,,,,,,,,,,,,,,,,,,,,,,,,,,,,,,,,,,,,,,,,,,,,,,,,,,
2005-10-01,12.80,1.20,4.00,16.10 ,29.70,23.40,27.60,21.60,37.10,27.67,17.99,-974,,,,,,,,,,,,,,,,,,,,,,,,,,,,,,,,,,,,,,,,,,,,,,,,,,,,,,,,,,,,,,,,,,,,,,,,,,,,,,,,,,,,,,,,,,,,,,,,,,,,,,,,,,,,,,,,,,,,,,,,,,,,,,,,,,,,,,
2005-11-01,12.40,1.30,3.20,16.60 ,18.60,21.00,27.80,22.20,38.00,27.40,18.30,2368,,,,,,,,,,,,,,,,,,,,,,,,,,,,,,,,,,,,,,,,,,,,,,,,,,,,,,,,,,,,,,,,,,,,,,,,,,,,,,,,,,,,,,,,,,,,,,,,,,,,,,,,,,,,,,,,,,,,,,,,,,,,,,,,,,,,,,
2005-12-01,12.50,1.60,3.20,16.50 ,18.20,22.20,27.20,19.80,39.20,27.05,17.57,2524,,,,,,,,,,,,,,,,,,,,,,,,,,,,,,,,,,,,,,,,,,,,,,,,,,,,,,,,,,,,,,,,,,,,,,,,,,,,,,,,,,,,,,,,,,,,,,,,,,,,,,,,,,,,,,,,,,,,,,,,,,,,,,,,,,,,,,
2006-01-01,15.50,1.90,3.05,12.60 ,28.10,25.40,26.90,19.75,37.30,23.58,19.21,6323,,,,,,,,,,,,,,,,,,,,,,,,,,,,,,,,,,,,,,,,,,,,,,,,,,,,,,,,,,,,,,,,,,,,,,,,,,,,,,,,,,,,,,,,,,,,,,,,,,,,,,,,,,,,,,,,,,,,,,,,,,,,,,,,,,,,,,
2006-02-01,9.40,0.90,3.01,20.10 ,22.20,29.50,26.60,19.70,35.40,20.10,18.80,1737,,,,,,,,,,,,,,,,,,,,,,,,,,,,,,,,,,,,,,,,,,,,,,,,,,,,,,,,,,,,,,,,,,,,,,,,,,,,,,,,,,,,,,,,,,,,,,,,,,,,,,,,,,,,,,,,,,,,,,,,,,,,,,,,,,,,,,
2006-03-01,13.50,0.80,2.49,17.80 ,28.30,21.10,29.80,20.20,36.30,23.23,18.80,7472,,,,,,,,,,,,,,,,,,,,,,,,,,,,,,,,,,,,,,,,,,,,,,,,,,,,,,,,,,,,,,,,,,,,,,,,,,,,,,,,,,,,,,,,,,,,,,,,,,,,,,,,,,,,,,,,,,,,,,,,,,,,,,,,,,,,,,
2006-04-01,13.60,1.20,1.87,16.60 ,23.90,15.30,29.60,21.30,37.60,23.49,18.90,3325,,,,,,,,,,,,,,,,,,,,,,,,,,,,,,,,,,,,,,,,,,,,,,,,,,,,,,,,,,,,,,,,,,,,,,,,,,,,,,,,,,,,,,,,,,,,,,,,,,,,,,,,,,,,,,,,,,,,,,,,,,,,,,,,,,,,,,
2006-05-01,14.20,1.40,2.43,17.90 ,25.10,21.70,30.30,21.80,37.10,25.66,19.10,3785,,,,,,,,,,,,,,,,,,,,,,,,,,,,,,,,,,,,,,,,,,,,,,,,,,,,,,,,,,,,,,,,,,,,,,,,,,,,,,,,,,,,,,,,,,,,,,,,,,,,,,,,,,,,,,,,,,,,,,,,,,,,,,,,,,,,,,
2006-06-01,13.90,1.50,3.52,19.50 ,23.30,18.90,31.30,24.20,38.60,25.24,18.43,3843,,,,,,,,,,,,,,,,,,,,,,,,,,,,,,,,,,,,,,,,,,,,,,,,,,,,,,,,,,,,,,,,,,,,,,,,,,,,,,,,,,,,,,,,,,,,,,,,,,,,,,,,,,,,,,,,,,,,,,,,,,,,,,,,,,,,,,
2006-07-01,13.70,1.00,3.58,16.70 ,22.60,19.70,30.50,24.00,38.10,23.62,18.40,2254,,,,,,,,,,,,,,,,,,,,,,,,,,,,,,,,,,,,,,,,,,,,,,,,,,,,,,,,,,,,,,,,,,,,,,,,,,,,,,,,,,,,,,,,,,,,,,,,,,,,,,,,,,,,,,,,,,,,,,,,,,,,,,,,,,,,,,
2006-08-01,13.80,1.30,3.40,15.70 ,32.80,24.60,29.10,24.00,36.00,24.00,17.90,3362,,,,,,,,,,,,,,,,,,,,,,,,,,,,,,,,,,,,,,,,,,,,,,,,,,,,,,,,,,,,,,,,,,,,,,,,,,,,,,,,,,,,,,,,,,,,,,,,,,,,,,,,,,,,,,,,,,,,,,,,,,,,,,,,,,,,,,
2006-09-01,13.90,1.50,3.50,16.10 ,30.60,22.00,28.20,24.30,33.80,23.24,16.83,3077,,,,,,,,,,,,,,,,,,,,,,,,,,,,,,,,,,,,,,,,,,,,,,,,,,,,,,,,,,,,,,,,,,,,,,,,,,,,,,,,,,,,,,,,,,,,,,,,,,,,,,,,,,,,,,,,,,,,,,,,,,,,,,,,,,,,,,
2006-10-01,14.30,1.40,2.90,14.70 ,29.60,14.70,26.80,24.10,30.50,22.95,17.10,894,,,,,,,,,,,,,,,,,,,,,,,,,,,,,,,,,,,,,,,,,,,,,,,,,,,,,,,,,,,,,,,,,,,,,,,,,,,,,,,,,,,,,,,,,,,,,,,,,,,,,,,,,,,,,,,,,,,,,,,,,,,,,,,,,,,,,,
2006-11-01,14.10,1.90,2.78,14.90 ,32.80,18.30,26.60,24.00,30.10,22.94,16.80,2788,,,,,,,,,,,,,,,,,,,,,,,,,,,,,,,,,,,,,,,,,,,,,,,,,,,,,,,,,,,,,,,,,,,,,,,,,,,,,,,,,,,,,,,,,,,,,,,,,,,,,,,,,,,,,,,,,,,,,,,,,,,,,,,,,,,,,,
2006-12-01,14.60,2.80,3.10,14.70 ,24.80,13.50,24.30,21.80,29.10,21.36,16.94,3837,,,,,,,,,,,,,,,,,,,,,,,,,,,,,,,,,,,,,,,,,,,,,,,,,,,,,,,,,,,,,,,,,,,,,,,,,,,,,,,,,,,,,,,,,,,,,,,,,,,,,,,,,,,,,,,,,,,,,,,,,,,,,,,,,,,,,,
2007-01-01,12.70,2.20,3.30,24.71 ,33.24,27.44,23.85,23.05,27.75,23.22,15.93,6908,,,,,,,,,,,,,,,,,,,,,,,,,,,,,,,,,,,,,,,,,,,,,,,,,,,,,,,,,,,,,,,,,,,,,,,,,,,,,,,,,,,,,,,,,,,,,,,,,,,,,,,,,,,,,,,,,,,,,,,,,,,,,,,,,,,,,,
2007-02-01,16.90,2.70,2.60,12.60 ,51.82,12.91,23.40,24.30,26.40,25.07,17.80,3083,,,,,,,,,,,,,,,,,,,,,,,,,,,,,,,,,,,,,,,,,,,,,,,,,,,,,,,,,,,,,,,,,,,,,,,,,,,,,,,,,,,,,,,,,,,,,,,,,,,,,,,,,,,,,,,,,,,,,,,,,,,,,,,,,,,,,,
2007-03-01,15.30,3.30,2.70,17.60 ,7.09,14.70,25.30,26.90,31.70,20.32,17.30,6311,,,,,,,,,,,,,,,,,,,,,,,,,,,,,,,,,,,,,,,,,,,,,,,,,,,,,,,,,,,,,,,,,,,,,,,,,,,,,,,,,,,,,,,,,,,,,,,,,,,,,,,,,,,,,,,,,,,,,,,,,,,,,,,,,,,,,,
2007-04-01,15.50,3.00,2.90,17.40 ,26.70,21.46,25.50,27.40,32.40,18.35,17.10,6103,,,,,,,,,,,,,,,,,,,,,,,,,,,,,,,,,,,,,,,,,,,,,,,,,,,,,,,,,,,,,,,,,,,,,,,,,,,,,,,,,,,,,,,,,,,,,,,,,,,,,,,,,,,,,,,,,,,,,,,,,,,,,,,,,,,,,,
2007-05-01,15.90,3.40,2.80,18.10 ,28.67,19.19,25.90,27.50,35.50,16.91,16.74,3824,,,,,,,,,,,,,,,,,,,,,,,,,,,,,,,,,,,,,,,,,,,,,,,,,,,,,,,,,,,,,,,,,,,,,,,,,,,,,,,,,,,,,,,,,,,,,,,,,,,,,,,,,,,,,,,,,,,,,,,,,,,,,,,,,,,,,,
2007-06-01,16.00,4.40,2.49,19.40 ,27.16,14.46,26.70,28.50,34.70,18.19,17.06,7042,,,,,,,,,,,,,,,,,,,,,,,,,,,,,,,,,,,,,,,,,,,,,,,,,,,,,,,,,,,,,,,,,,,,,,,,,,,,,,,,,,,,,,,,,,,,,,,,,,,,,,,,,,,,,,,,,,,,,,,,,,,,,,,,,,,,,,
2007-07-01,16.40,5.60,2.40,18.00 ,34.22,26.83,26.60,28.90,35.10,17.75,18.50,3100,,,,,,,,,,,,,,,,,,,,,,,,,,,,,,,,,,,,,,,,,,,,,,,,,,,,,,,,,,,,,,,,,,,,,,,,,,,,,,,,,,,,,,,,,,,,,,,,,,,,,,,,,,,,,,,,,,,,,,,,,,,,,,,,,,,,,,
2007-08-01,17.10,6.50,2.60,17.50 ,22.76,19.81,26.70,29.00,35.70,17.24,18.10,6961,,,,,,,,,,,,,,,,,,,,,,,,,,,,,,,,,,,,,,,,,,,,,,,,,,,,,,,,,,,,,,,,,,,,,,,,,,,,,,,,,,,,,,,,,,,,,,,,,,,,,,,,,,,,,,,,,,,,,,,,,,,,,,,,,,,,,,
2007-09-01,17.00,6.20,2.70,18.90 ,22.60,15.62,26.40,30.30,35.60,17.52,18.45,5290,,,,,,,,,,,,,,,,,,,,,,,,,,,,,,,,,,,,,,,,,,,,,,,,,,,,,,,,,,,,,,,,,,,,,,,,,,,,,,,,,,,,,,,,,,,,,,,,,,,,,,,,,,,,,,,,,,,,,,,,,,,,,,,,,,,,,,
2007-10-01,18.10,6.50,3.20,17.90 ,22.26,25.27,26.90,31.40,36.50,17.18,18.47,3688,,,,,,,,,,,,,,,,,,,,,,,,,,,,,,,,,,,,,,,,,,,,,,,,,,,,,,,,,,,,,,,,,,,,,,,,,,,,,,,,,,,,,,,,,,,,,,,,,,,,,,,,,,,,,,,,,,,,,,,,,,,,,,,,,,,,,,
2007-11-01,18.80,6.90,4.55,17.30 ,22.68,25.06,26.80,31.80,37.20,16.81,18.45,3073,,,,,,,,,,,,,,,,,,,,,,,,,,,,,,,,,,,,,,,,,,,,,,,,,,,,,,,,,,,,,,,,,,,,,,,,,,,,,,,,,,,,,,,,,,,,,,,,,,,,,,,,,,,,,,,,,,,,,,,,,,,,,,,,,,,,,,
2007-12-01,20.20,6.50,5.43,17.40 ,21.59,25.48,25.80,30.20,34.70,16.19,16.72,4281,,,,,,,,,,,,,,,,,,,,,,,,,,,,,,,,,,,,,,,,,,,,,,,,,,,,,,,,,,,,,,,,,,,,,,,,,,,,,,,,,,,,,,,,,,,,,,,,,,,,,,,,,,,,,,,,,,,,,,,,,,,,,,,,,,,,,,
2008-01-01,21.20,7.10,6.10,15.40 ,26.75,27.65,25.05,31.55,35.25,9.88,18.94,10859,,,,,,,,,,,,,,,,,,,,,,,,,,,,,,,,,,,,,,,,,,,,,,,,,,,,,,,,,,,,,,,,,,,,,,,,,,,,,,,,,,,,,,,,,,,,,,,,,,,,,,,,,,,,,,,,,,,,,,,,,,,,,,,,,,,,,,
2008-02-01,19.10,8.70,6.62,15.40 ,6.34,35.62,24.30,32.90,35.80,3.56,17.48,4731,,,,,,,,,,,,,,,,,,,,,,,,,,,,,,,,,,,,,,,,,,,,,,,,,,,,,,,,,,,,,,,,,,,,,,,,,,,,,,,,,,,,,,,,,,,,,,,,,,,,,,,,,,,,,,,,,,,,,,,,,,,,,,,,,,,,,,
2008-03-01,21.50,8.30,7.95,17.80 ,30.42,25.01,25.90,32.30,31.90,11.60,16.29,6391,,,,,,,,,,,,,,,,,,,,,,,,,,,,,,,,,,,,,,,,,,,,,,,,,,,,,,,,,,,,,,,,,,,,,,,,,,,,,,,,,,,,,,,,,,,,,,,,,,,,,,,,,,,,,,,,,,,,,,,,,,,,,,,,,,,,,,
2008-04-01,22.00,8.50,8.12,15.70 ,22.06,26.79,25.70,32.10,31.20,12.88,16.94,7076,,,,,,,,,,,,,,,,,,,,,,,,,,,,,,,,,,,,,,,,,,,,,,,,,,,,,,,,,,,,,,,,,,,,,,,,,,,,,,,,,,,,,,,,,,,,,,,,,,,,,,,,,,,,,,,,,,,,,,,,,,,,,,,,,,,,,,
2008-05-01,21.60,7.70,8.22,16.00 ,28.30,40.67,25.60,31.90,30.50,13.84,18.07,5678,,,,,,,,,,,,,,,,,,,,,,,,,,,,,,,,,,,,,,,,,,,,,,,,,,,,,,,,,,,,,,,,,,,,,,,,,,,,,,,,,,,,,,,,,,,,,,,,,,,,,,,,,,,,,,,,,,,,,,,,,,,,,,,,,,,,,,
2008-06-01,23.00,7.10,8.84,16.00 ,17.34,31.36,26.80,33.50,31.40,16.33,17.37,5976,,,,,,,,,,,,,,,,,,,,,,,,,,,,,,,,,,,,,,,,,,,,,,,,,,,,,,,,,,,,,,,,,,,,,,,,,,,,,,,,,,,,,,,,,,,,,,,,,,,,,,,,,,,,,,,,,,,,,,,,,,,,,,,,,,,,,,
2008-07-01,23.30,6.30,10.03,14.70 ,26.90,33.67,27.30,30.90,32.20,18.51,16.35,4890,,,,,,,,,,,,,,,,,,,,,,,,,,,,,,,,,,,,,,,,,,,,,,,,,,,,,,,,,,,,,,,,,,,,,,,,,,,,,,,,,,,,,,,,,,,,,,,,,,,,,,,,,,,,,,,,,,,,,,,,,,,,,,,,,,,,,,
2008-08-01,23.20,4.90,10.06,12.80 ,21.51,22.93,27.40,29.10,33.00,18.47,16.00,4575,,,,,,,,,,,,,,,,,,,,,,,,,,,,,,,,,,,,,,,,,,,,,,,,,,,,,,,,,,,,,,,,,,,,,,,,,,,,,,,,,,,,,,,,,,,,,,,,,,,,,,,,,,,,,,,,,,,,,,,,,,,,,,,,,,,,,,
2008-09-01,23.20,4.60,9.13,11.40 ,21.72,20.99,27.60,26.50,33.40,19.34,15.29,5659,,,,,,,,,,,,,,,,,,,,,,,,,,,,,,,,,,,,,,,,,,,,,,,,,,,,,,,,,,,,,,,,,,,,,,,,,,,,,,,,,,,,,,,,,,,,,,,,,,,,,,,,,,,,,,,,,,,,,,,,,,,,,,,,,,,,,,
2008-10-01,22.00,4.00,6.59,8.20 ,19.29,15.15,27.20,24.60,32.80,20.49,15.02,1288,,,,,,,,,,,,,,,,,,,,,,,,,,,,,,,,,,,,,,,,,,,,,,,,,,,,,,,,,,,,,,,,,,,,,,,,,,,,,,,,,,,,,,,,,,,,,,,,,,,,,,,,,,,,,,,,,,,,,,,,,,,,,,,,,,,,,,
2008-11-01,20.80,2.40,1.99,5.40 ,-2.22,-18.14,26.80,22.70,32.20,20.35,14.80,4517,,,,,,,,,,,,,,,,,,,,,,,,,,,,,,,,,,,,,,,,,,,,,,,,,,,,,,,,,,,,,,,,,,,,,,,,,,,,,,,,,,,,,,,,,,,,,,,,,,,,,,,,,,,,,,,,,,,,,,,,,,,,,,,,,,,,,,
2008-12-01,19.00,1.20,-1.14,5.70 ,-2.93,-21.45,26.60,20.90,30.70,22.67,17.82,8164,,,,,,,,,,,,,,,,,,,,,,,,,,,,,,,,,,,,,,,,,,,,,,,,,,,,,,,,,,,,,,,,,,,,,,,,,,,,,,,,,,,,,,,,,,,,,,,,,,,,,,,,,,,,,,,,,,,,,,,,,,,,,,,,,,,,,,
2009-01-01,18.50,1.00,-3.35,-2.93 ,-17.56,-43.10,26.55,10.95,28.05,34.58,18.79,13990,,,,,,,,,,,,,,,,,,,,,,,,,,,,,,,,,,,,,,,,,,,,,,,,,,,,,,,,,,,,,,,,,,,,,,,,,,,,,,,,,,,,,,,,,,,,,,,,,,,,,,,,,,,,,,,,,,,,,,,,,,,,,,,,,,,,,,
2009-02-01,11.60,-1.60,-4.47,11.00 ,-25.75,-24.12,26.50,1.00,25.40,46.49,20.48,11131,,,,,,,,,,,,,,,,,,,,,,,,,,,,,,,,,,,,,,,,,,,,,,,,,,,,,,,,,,,,,,,,,,,,,,,,,,,,,,,,,,,,,,,,,,,,,,,,,,,,,,,,,,,,,,,,,,,,,,,,,,,,,,,,,,,,,,
2009-03-01,14.70,-1.20,-6.00,8.30 ,-17.23,-25.05,28.60,4.10,27.30,45.03,25.51,22011,,,,,,,,,,,,,,,,,,,,,,,,,,,,,,,,,,,,,,,,,,,,,,,,,,,,,,,,,,,,,,,,,,,,,,,,,,,,,,,,,,,,,,,,,,,,,,,,,,,,,,,,,,,,,,,,,,,,,,,,,,,,,,,,,,,,,,
2009-04-01,14.80,-1.50,-6.60,7.30 ,-22.76,-22.86,30.50,4.90,29.00,47.51,25.89,5452,,,,,,,,,,,,,,,,,,,,,,,,,,,,,,,,,,,,,,,,,,,,,,,,,,,,,,,,,,,,,,,,,,,,,,,,,,,,,,,,,,,,,,,,,,,,,,,,,,,,,,,,,,,,,,,,,,,,,,,,,,,,,,,,,,,,,,
2009-05-01,15.20,-1.40,-7.20,8.90 ,-26.51,-24.92,32.90,5.80,29.90,49.86,25.74,14959,,,,,,,,,,,,,,,,,,,,,,,,,,,,,,,,,,,,,,,,,,,,,,,,,,,,,,,,,,,,,,,,,,,,,,,,,,,,,,,,,,,,,,,,,,,,,,,,,,,,,,,,,,,,,,,,,,,,,,,,,,,,,,,,,,,,,,
2009-06-01,15.00,-1.70,-7.80,10.70 ,-21.32,-12.88,33.60,8.30,29.30,50.78,28.46,21067,,,,,,,,,,,,,,,,,,,,,,,,,,,,,,,,,,,,,,,,,,,,,,,,,,,,,,,,,,,,,,,,,,,,,,,,,,,,,,,,,,,,,,,,,,,,,,,,,,,,,,,,,,,,,,,,,,,,,,,,,,,,,,,,,,,,,,
2009-07-01,15.20,-1.80,-8.20,10.80 ,-22.98,-14.60,32.90,9.50,28.10,48.97,28.42,7388,,,,,,,,,,,,,,,,,,,,,,,,,,,,,,,,,,,,,,,,,,,,,,,,,,,,,,,,,,,,,,,,,,,,,,,,,,,,,,,,,,,,,,,,,,,,,,,,,,,,,,,,,,,,,,,,,,,,,,,,,,,,,,,,,,,,,,
2009-08-01,15.40,-1.20,-7.86,12.30 ,-23.43,-16.75,33.00,12.50,27.30,48.38,28.53,7650,,,,,,,,,,,,,,,,,,,,,,,,,,,,,,,,,,,,,,,,,,,,,,,,,,,,,,,,,,,,,,,,,,,,,,,,,,,,,,,,,,,,,,,,,,,,,,,,,,,,,,,,,,,,,,,,,,,,,,,,,,,,,,,,,,,,,,
2009-09-01,15.50,-0.80,-6.99,13.90 ,-15.28,-3.36,33.30,15.40,27.70,47.30,29.31,11871,,,,,,,,,,,,,,,,,,,,,,,,,,,,,,,,,,,,,,,,,,,,,,,,,,,,,,,,,,,,,,,,,,,,,,,,,,,,,,,,,,,,,,,,,,,,,,,,,,,,,,,,,,,,,,,,,,,,,,,,,,,,,,,,,,,,,,
2009-10-01,16.20,-0.50,-5.85,16.10 ,-13.92,-6.36,33.10,16.60,27.50,45.70,29.42,5985,,,,,,,,,,,,,,,,,,,,,,,,,,,,,,,,,,,,,,,,,,,,,,,,,,,,,,,,,,,,,,,,,,,,,,,,,,,,,,,,,,,,,,,,,,,,,,,,,,,,,,,,,,,,,,,,,,,,,,,,,,,,,,,,,,,,,,
2009-11-01,15.80,0.60,-2.08,19.20 ,-1.15,26.83,32.10,17.80,26.80,44.70,29.74,9501,,,,,,,,,,,,,,,,,,,,,,,,,,,,,,,,,,,,,,,,,,,,,,,,,,,,,,,,,,,,,,,,,,,,,,,,,,,,,,,,,,,,,,,,,,,,,,,,,,,,,,,,,,,,,,,,,,,,,,,,,,,,,,,,,,,,,,
2009-12-01,17.50,1.90,1.70,18.50 ,17.73,55.94,30.40,16.10,26.60,42.16,27.68,8100,,,,,,,,,,,,,,,,,,,,,,,,,,,,,,,,,,,,,,,,,,,,,,,,,,,,,,,,,,,,,,,,,,,,,,,,,,,,,,,,,,,,,,,,,,,,,,,,,,,,,,,,,,,,,,,,,,,,,,,,,,,,,,,,,,,,,,
2010-01-01,14.00,1.50,4.32,29.20 ,21.00,85.96,28.50,23.60,25.10,35.39,25.98,20550,,,,,,,,,,,,,,,,,,,,,,,,,,,,,,,,,,,,,,,,,,,,,,,,,,,,,,,,,,,,,,,,,,,,,,,,,,,,,,,,,,,,,,,,,,,,,,,,,,,,,,,,,,,,,,,,,,,,,,,,,,,,,,,,,,,,,,
2010-02-01,22.10,2.70,5.39,12.80 ,45.63,45.07,26.60,31.10,23.60,28.62,25.52,10877,,,,,,,,,,,,,,,,,,,,,,,,,,,,,,,,,,,,,,,,,,,,,,,,,,,,,,,,,,,,,,,,,,,,,,,,,,,,,,,,,,,,,,,,,,,,,,,,,,,,,,,,,,,,,,,,,,,,,,,,,,,,,,,,,,,,,,
2010-03-01,18.00,2.40,5.91,18.10 ,24.21,66.27,26.40,35.10,25.80,22.34,22.50,13830,,,,,,,,,,,,,,,,,,,,,,,,,,,,,,,,,,,,,,,,,,,,,,,,,,,,,,,,,,,,,,,,,,,,,,,,,,,,,,,,,,,,,,,,,,,,,,,,,,,,,,,,,,,,,,,,,,,,,,,,,,,,,,,,,,,,,,
2010-04-01,18.50,2.80,6.81,17.80 ,30.38,49.96,26.10,36.20,24.60,22.00,21.48,14919,,,,,,,,,,,,,,,,,,,,,,,,,,,,,,,,,,,,,,,,,,,,,,,,,,,,,,,,,,,,,,,,,,,,,,,,,,,,,,,,,,,,,,,,,,,,,,,,,,,,,,,,,,,,,,,,,,,,,,,,,,,,,,,,,,,,,,
2010-05-01,18.66,3.10,7.13,16.50 ,48.44,48.30,25.90,38.20,24.80,22.60,21.00,10805,,,,,,,,,,,,,,,,,,,,,,,,,,,,,,,,,,,,,,,,,,,,,,,,,,,,,,,,,,,,,,,,,,,,,,,,,,,,,,,,,,,,,,,,,,,,,,,,,,,,,,,,,,,,,,,,,,,,,,,,,,,,,,,,,,,,,,
2010-06-01,18.30,2.90,6.41,13.70 ,43.87,33.87,25.50,38.10,24.90,21.88,18.46,10196,,,,,,,,,,,,,,,,,,,,,,,,,,,,,,,,,,,,,,,,,,,,,,,,,,,,,,,,,,,,,,,,,,,,,,,,,,,,,,,,,,,,,,,,,,,,,,,,,,,,,,,,,,,,,,,,,,,,,,,,,,,,,,,,,,,,,,
2010-07-01,17.90,3.30,4.84,13.40 ,37.99,22.85,24.90,37.20,25.10,21.59,17.60,7202,,,,,,,,,,,,,,,,,,,,,,,,,,,,,,,,,,,,,,,,,,,,,,,,,,,,,,,,,,,,,,,,,,,,,,,,,,,,,,,,,,,,,,,,,,,,,,,,,,,,,,,,,,,,,,,,,,,,,,,,,,,,,,,,,,,,,,
2010-08-01,18.40,3.50,4.32,13.90 ,34.32,35.40,24.80,36.70,24.90,21.13,19.20,10646,,,,,,,,,,,,,,,,,,,,,,,,,,,,,,,,,,,,,,,,,,,,,,,,,,,,,,,,,,,,,,,,,,,,,,,,,,,,,,,,,,,,,,,,,,,,,,,,,,,,,,,,,,,,,,,,,,,,,,,,,,,,,,,,,,,,,,
2010-09-01,18.84,3.60,4.33,13.30 ,25.08,24.38,24.50,36.40,25.40,19.87,18.96,11224,,,,,,,,,,,,,,,,,,,,,,,,,,,,,,,,,,,,,,,,,,,,,,,,,,,,,,,,,,,,,,,,,,,,,,,,,,,,,,,,,,,,,,,,,,,,,,,,,,,,,,,,,,,,,,,,,,,,,,,,,,,,,,,,,,,,,,
2010-10-01,18.64,4.40,5.04,13.10 ,22.84,25.63,24.40,36.50,25.70,19.47,19.30,8608,,,,,,,,,,,,,,,,,,,,,,,,,,,,,,,,,,,,,,,,,,,,,,,,,,,,,,,,,,,,,,,,,,,,,,,,,,,,,,,,,,,,,,,,,,,,,,,,,,,,,,,,,,,,,,,,,,,,,,,,,,,,,,,,,,,,,,
2010-11-01,18.70,5.10,6.06,13.30 ,34.86,38.33,24.90,36.50,26.10,19.71,19.50,10554,,,,,,,,,,,,,,,,,,,,,,,,,,,,,,,,,,,,,,,,,,,,,,,,,,,,,,,,,,,,,,,,,,,,,,,,,,,,,,,,,,,,,,,,,,,,,,,,,,,,,,,,,,,,,,,,,,,,,,,,,,,,,,,,,,,,,,
2010-12-01,19.10,4.60,5.93,13.50 ,17.87,25.94,24.50,33.20,26.90,18.47,19.72,10780,,,,,,,,,,,,,,,,,,,,,,,,,,,,,,,,,,,,,,,,,,,,,,,,,,,,,,,,,,,,,,,,,,,,,,,,,,,,,,,,,,,,,,,,,,,,,,,,,,,,,,,,,,,,,,,,,,,,,,,,,,,,,,,,,,,,,,
2011-01-01,19.90,4.90,6.60,13.30 ,37.64,51.70,24.70,34.20,28.40,17.89,17.20,17560,,,,,,,,,,,,,,,,,,,,,,,,,,,,,,,,,,,,,,,,,,,,,,,,,,,,,,,,,,,,,,,,,,,,,,,,,,,,,,,,,,,,,,,,,,,,,,,,,,,,,,,,,,,,,,,,,,,,,,,,,,,,,,,,,,,,,,
2011-02-01,11.60,4.94,7.23,14.90 ,2.35,20.00,24.90,35.20,29.90,17.32,15.70,6468,,,,,,,,,,,,,,,,,,,,,,,,,,,,,,,,,,,,,,,,,,,,,,,,,,,,,,,,,,,,,,,,,,,,,,,,,,,,,,,,,,,,,,,,,,,,,,,,,,,,,,,,,,,,,,,,,,,,,,,,,,,,,,,,,,,,,,
2011-03-01,17.40,5.38,7.31,14.80 ,35.76,27.50,25.00,34.10,29.20,17.83,16.60,18212,,,,,,,,,,,,,,,,,,,,,,,,,,,,,,,,,,,,,,,,,,,,,,,,,,,,,,,,,,,,,,,,,,,,,,,,,,,,,,,,,,,,,,,,,,,,,,,,,,,,,,,,,,,,,,,,,,,,,,,,,,,,,,,,,,,,,,
2011-04-01,17.10,5.34,6.82,13.40 ,29.82,21.89,25.40,34.30,29.00,17.29,15.30,13673,,,,,,,,,,,,,,,,,,,,,,,,,,,,,,,,,,,,,,,,,,,,,,,,,,,,,,,,,,,,,,,,,,,,,,,,,,,,,,,,,,,,,,,,,,,,,,,,,,,,,,,,,,,,,,,,,,,,,,,,,,,,,,,,,,,,,,
2011-05-01,16.90,5.52,6.79,13.30 ,19.28,28.44,25.80,34.60,31.20,14.71,15.10,10854,,,,,,,,,,,,,,,,,,,,,,,,,,,,,,,,,,,,,,,,,,,,,,,,,,,,,,,,,,,,,,,,,,,,,,,,,,,,,,,,,,,,,,,,,,,,,,,,,,,,,,,,,,,,,,,,,,,,,,,,,,,,,,,,,,,,,,
2011-06-01,17.70,6.36,7.12,15.10 ,17.88,19.25,25.60,32.90,32.40,13.40,15.90,10873,,,,,,,,,,,,,,,,,,,,,,,,,,,,,,,,,,,,,,,,,,,,,,,,,,,,,,,,,,,,,,,,,,,,,,,,,,,,,,,,,,,,,,,,,,,,,,,,,,,,,,,,,,,,,,,,,,,,,,,,,,,,,,,,,,,,,,
2011-07-01,17.20,6.45,7.54,14.00 ,20.43,24.06,25.40,33.60,31.80,11.20,14.70,5393,,,,,,,,,,,,,,,,,,,,,,,,,,,,,,,,,,,,,,,,,,,,,,,,,,,,,,,,,,,,,,,,,,,,,,,,,,,,,,,,,,,,,,,,,,,,,,,,,,,,,,,,,,,,,,,,,,,,,,,,,,,,,,,,,,,,,,
2011-08-01,17.00,6.15,7.25,13.50 ,24.42,30.05,25.00,33.20,32.20,9.24,13.50,10741,,,,,,,,,,,,,,,,,,,,,,,,,,,,,,,,,,,,,,,,,,,,,,,,,,,,,,,,,,,,,,,,,,,,,,,,,,,,,,,,,,,,,,,,,,,,,,,,,,,,,,,,,,,,,,,,,,,,,,,,,,,,,,,,,,,,,,
2011-09-01,17.70,6.07,6.52,13.80 ,17.01,20.75,24.90,32.00,31.50,9.30,13.00,4279,,,,,,,,,,,,,,,,,,,,,,,,,,,,,,,,,,,,,,,,,,,,,,,,,,,,,,,,,,,,,,,,,,,,,,,,,,,,,,,,,,,,,,,,,,,,,,,,,,,,,,,,,,,,,,,,,,,,,,,,,,,,,,,,,,,,,,
2011-10-01,17.20,5.50,5.00,13.20 ,15.77,28.51,24.90,31.10,31.60,8.66,12.90,7908,,,,,,,,,,,,,,,,,,,,,,,,,,,,,,,,,,,,,,,,,,,,,,,,,,,,,,,,,,,,,,,,,,,,,,,,,,,,,,,,,,,,,,,,,,,,,,,,,,,,,,,,,,,,,,,,,,,,,,,,,,,,,,,,,,,,,,
2011-11-01,17.30,4.23,2.72,12.40 ,13.77,21.94,24.50,29.90,31.50,8.05,12.70,9581,,,,,,,,,,,,,,,,,,,,,,,,,,,,,,,,,,,,,,,,,,,,,,,,,,,,,,,,,,,,,,,,,,,,,,,,,,,,,,,,,,,,,,,,,,,,,,,,,,,,,,,,,,,,,,,,,,,,,,,,,,,,,,,,,,,,,,
2011-12-01,18.10,4.07,1.69,12.80 ,13.32,11.78,23.80,27.90,31.80,6.48,13.60,12744,,,,,,,,,,,,,,,,,,,,,,,,,,,,,,,,,,,,,,,,,,,,,,,,,,,,,,,,,,,,,,,,,,,,,,,,,,,,,,,,,,,,,,,,,,,,,,,,,,,,,,,,,,,,,,,,,,,,,,,,,,,,,,,,,,,,,,
2012-01-01,13.10,4.50,0.73,2.80 ,-0.55,-15.23,22.65,27.85,28.23,2.06,12.40,9754,,,,,,,,,,,,,,,,,,,,,,,,,,,,,,,,,,,,,,,,,,,,,,,,,,,,,,,,,,,,,,,,,,,,,,,,,,,,,,,,,,,,,,,,,,,,,,,,,,,,,,,,,,,,,,,,,,,,,,,,,,,,,,,,,,,,,,
2012-02-01,16.40,3.20,0.03,21.30 ,18.34,40.03,21.50,27.80,24.66,-2.36,13.00,10431,,,,,,,,,,,,,,,,,,,,,,,,,,,,,,,,,,,,,,,,,,,,,,,,,,,,,,,,,,,,,,,,,,,,,,,,,,,,,,,,,,,,,,,,,,,,,,,,,,,,,,,,,,,,,,,,,,,,,,,,,,,,,,,,,,,,,,
2012-03-01,15.20,3.60,-0.32,11.90 ,8.84,5.30,20.90,23.50,24.82,1.81,13.40,18704,,,,,,,,,,,,,,,,,,,,,,,,,,,,,,,,,,,,,,,,,,,,,,,,,,,,,,,,,,,,,,,,,,,,,,,,,,,,,,,,,,,,,,,,,,,,,,,,,,,,,,,,,,,,,,,,,,,,,,,,,,,,,,,,,,,,,,
2012-04-01,14.10,3.40,-0.70,9.30 ,4.84,0.14,20.20,18.70,24.36,3.27,12.80,9637,,,,,,,,,,,,,,,,,,,,,,,,,,,,,,,,,,,,,,,,,,,,,,,,,,,,,,,,,,,,,,,,,,,,,,,,,,,,,,,,,,,,,,,,,,,,,,,,,,,,,,,,,,,,,,,,,,,,,,,,,,,,,,,,,,,,,,
2012-05-01,13.80,3.00,-1.40,9.60 ,15.27,12.99,20.10,18.50,24.48,4.63,13.20,11432,,,,,,,,,,,,,,,,,,,,,,,,,,,,,,,,,,,,,,,,,,,,,,,,,,,,,,,,,,,,,,,,,,,,,,,,,,,,,,,,,,,,,,,,,,,,,,,,,,,,,,,,,,,,,,,,,,,,,,,,,,,,,,,,,,,,,,
2012-06-01,13.70,2.20,-2.08,9.50 ,11.08,6.07,20.40,16.60,24.55,8.26,13.60,17802,,,,,,,,,,,,,,,,,,,,,,,,,,,,,,,,,,,,,,,,,,,,,,,,,,,,,,,,,,,,,,,,,,,,,,,,,,,,,,,,,,,,,,,,,,,,,,,,,,,,,,,,,,,,,,,,,,,,,,,,,,,,,,,,,,,,,,
2012-07-01,13.10,1.80,-2.87,9.20 ,1.01,4.55,20.40,15.40,24.85,9.38,13.90,10522,,,,,,,,,,,,,,,,,,,,,,,,,,,,,,,,,,,,,,,,,,,,,,,,,,,,,,,,,,,,,,,,,,,,,,,,,,,,,,,,,,,,,,,,,,,,,,,,,,,,,,,,,,,,,,,,,,,,,,,,,,,,,,,,,,,,,,
2012-08-01,13.20,2.00,-3.48,8.90 ,2.67,-2.53,20.20,15.60,23.94,10.25,13.50,12475,,,,,,,,,,,,,,,,,,,,,,,,,,,,,,,,,,,,,,,,,,,,,,,,,,,,,,,,,,,,,,,,,,,,,,,,,,,,,,,,,,,,,,,,,,,,,,,,,,,,,,,,,,,,,,,,,,,,,,,,,,,,,,,,,,,,,,
2012-09-01,14.20,1.90,-3.55,9.20 ,9.75,2.36,20.50,15.40,23.48,12.55,14.80,16462,,,,,,,,,,,,,,,,,,,,,,,,,,,,,,,,,,,,,,,,,,,,,,,,,,,,,,,,,,,,,,,,,,,,,,,,,,,,,,,,,,,,,,,,,,,,,,,,,,,,,,,,,,,,,,,,,,,,,,,,,,,,,,,,,,,,,,
2012-10-01,14.50,1.70,-2.76,9.60 ,11.54,2.30,20.70,15.40,23.11,14.13,14.10,12906,,,,,,,,,,,,,,,,,,,,,,,,,,,,,,,,,,,,,,,,,,,,,,,,,,,,,,,,,,,,,,,,,,,,,,,,,,,,,,,,,,,,,,,,,,,,,,,,,,,,,,,,,,,,,,,,,,,,,,,,,,,,,,,,,,,,,,
2012-11-01,14.90,2.00,-2.20,10.10 ,2.84,0.09,20.70,16.70,22.75,13.95,13.90,11225,,,,,,,,,,,,,,,,,,,,,,,,,,,,,,,,,,,,,,,,,,,,,,,,,,,,,,,,,,,,,,,,,,,,,,,,,,,,,,,,,,,,,,,,,,,,,,,,,,,,,,,,,,,,,,,,,,,,,,,,,,,,,,,,,,,,,,
2012-12-01,15.20,2.50,-1.94,10.30 ,14.02,6.30,20.60,16.20,22.03,13.70,13.80,16282,,,,,,,,,,,,,,,,,,,,,,,,,,,,,,,,,,,,,,,,,,,,,,,,,,,,,,,,,,,,,,,,,,,,,,,,,,,,,,,,,,,,,,,,,,,,,,,,,,,,,,,,,,,,,,,,,,,,,,,,,,,,,,,,,,,,,,
2013-01-01,13.75,2.03,-1.64,17.70 ,24.97,29.59,20.90,19.50,19.51,18.45,15.90,25446,,,,,,,,,,,,,,,,,,,,,,,,,,,,,,,,,,,,,,,,,,,,,,,,,,,,,,,,,,,,,,,,,,,,,,,,,,,,,,,,,,,,,,,,,,,,,,,,,,,,,,,,,,,,,,,,,,,,,,,,,,,,,,,,,,,,,,
2013-02-01,12.30,3.22,-1.63,2.20 ,21.76,-15.02,21.20,22.80,17.00,23.20,15.20,10705,,,,,,,,,,,,,,,,,,,,,,,,,,,,,,,,,,,,,,,,,,,,,,,,,,,,,,,,,,,,,,,,,,,,,,,,,,,,,,,,,,,,,,,,,,,,,,,,,,,,,,,,,,,,,,,,,,,,,,,,,,,,,,,,,,,,,,
2013-03-01,12.60,2.07,-1.92,8.90 ,9.98,14.10,20.90,20.20,18.70,25.60,15.70,25503,,,,,,,,,,,,,,,,,,,,,,,,,,,,,,,,,,,,,,,,,,,,,,,,,,,,,,,,,,,,,,,,,,,,,,,,,,,,,,,,,,,,,,,,,,,,,,,,,,,,,,,,,,,,,,,,,,,,,,,,,,,,,,,,,,,,,,
2013-04-01,12.80,2.39,-2.62,9.30 ,14.59,16.60,20.60,21.10,18.40,24.04,16.10,17629,,,,,,,,,,,,,,,,,,,,,,,,,,,,,,,,,,,,,,,,,,,,,,,,,,,,,,,,,,,,,,,,,,,,,,,,,,,,,,,,,,,,,,,,,,,,,,,,,,,,,,,,,,,,,,,,,,,,,,,,,,,,,,,,,,,,,,
2013-05-01,12.89,2.10,-2.87,9.20 ,0.91,-0.51,20.40,20.60,17.80,24.13,15.80,11871,,,,,,,,,,,,,,,,,,,,,,,,,,,,,,,,,,,,,,,,,,,,,,,,,,,,,,,,,,,,,,,,,,,,,,,,,,,,,,,,,,,,,,,,,,,,,,,,,,,,,,,,,,,,,,,,,,,,,,,,,,,,,,,,,,,,,,
2013-06-01,13.31,2.67,-2.70,8.90 ,-3.11,-0.82,20.10,20.30,17.10,23.65,14.00,10375,,,,,,,,,,,,,,,,,,,,,,,,,,,,,,,,,,,,,,,,,,,,,,,,,,,,,,,,,,,,,,,,,,,,,,,,,,,,,,,,,,,,,,,,,,,,,,,,,,,,,,,,,,,,,,,,,,,,,,,,,,,,,,,,,,,,,,
2013-07-01,13.21,2.67,-2.27,9.70 ,5.09,10.91,20.10,20.50,17.08,23.87,14.50,8191,,,,,,,,,,,,,,,,,,,,,,,,,,,,,,,,,,,,,,,,,,,,,,,,,,,,,,,,,,,,,,,,,,,,,,,,,,,,,,,,,,,,,,,,,,,,,,,,,,,,,,,,,,,,,,,,,,,,,,,,,,,,,,,,,,,,,,
2013-08-01,13.37,2.57,-1.62,10.40 ,7.10,7.20,20.30,19.30,17.90,24.74,14.70,15841,,,,,,,,,,,,,,,,,,,,,,,,,,,,,,,,,,,,,,,,,,,,,,,,,,,,,,,,,,,,,,,,,,,,,,,,,,,,,,,,,,,,,,,,,,,,,,,,,,,,,,,,,,,,,,,,,,,,,,,,,,,,,,,,,,,,,,
2013-09-01,13.31,3.05,-1.34,10.20 ,-0.43,7.51,20.20,19.70,18.48,24.21,14.20,14120,,,,,,,,,,,,,,,,,,,,,,,,,,,,,,,,,,,,,,,,,,,,,,,,,,,,,,,,,,,,,,,,,,,,,,,,,,,,,,,,,,,,,,,,,,,,,,,,,,,,,,,,,,,,,,,,,,,,,,,,,,,,,,,,,,,,,,
2013-10-01,13.32,3.21,-1.51,10.30 ,5.57,7.54,20.10,19.20,19.06,23.14,14.30,8645,,,,,,,,,,,,,,,,,,,,,,,,,,,,,,,,,,,,,,,,,,,,,,,,,,,,,,,,,,,,,,,,,,,,,,,,,,,,,,,,,,,,,,,,,,,,,,,,,,,,,,,,,,,,,,,,,,,,,,,,,,,,,,,,,,,,,,
2013-11-01,13.72,3.02,-1.42,10.00 ,12.68,5.30,19.90,19.50,18.56,23.23,14.20,12310,,,,,,,,,,,,,,,,,,,,,,,,,,,,,,,,,,,,,,,,,,,,,,,,,,,,,,,,,,,,,,,,,,,,,,,,,,,,,,,,,,,,,,,,,,,,,,,,,,,,,,,,,,,,,,,,,,,,,,,,,,,,,,,,,,,,,,
2013-12-01,13.60,2.50,-1.36,9.70 ,4.15,8.34,19.60,19.80,18.46,21.21,13.60,12532,,,,,,,,,,,,,,,,,,,,,,,,,,,,,,,,,,,,,,,,,,,,,,,,,,,,,,,,,,,,,,,,,,,,,,,,,,,,,,,,,,,,,,,,,,,,,,,,,,,,,,,,,,,,,,,,,,,,,,,,,,,,,,,,,,,,,,
2014-01-01,12.71,2.49,-1.64,8.50 ,10.54,9.93,18.75,19.55,16.79,19.99,13.20,26004,,,,,,,,,,,,,,,,,,,,,,,,,,,,,,,,,,,,,,,,,,,,,,,,,,,,,,,,,,,,,,,,,,,,,,,,,,,,,,,,,,,,,,,,,,,,,,,,,,,,,,,,,,,,,,,,,,,,,,,,,,,,,,,,,,,,,,
2014-02-01,11.82,1.95,-2.00,8.80 ,-18.13,9.81,17.90,19.30,15.12,18.77,13.30,9370,,,,,,,,,,,,,,,,,,,,,,,,,,,,,,,,,,,,,,,,,,,,,,,,,,,,,,,,,,,,,,,,,,,,,,,,,,,,,,,,,,,,,,,,,,,,,,,,,,,,,,,,,,,,,,,,,,,,,,,,,,,,,,,,,,,,,,
2014-03-01,12.24,2.38,-2.30,8.80 ,-6.64,-11.47,17.60,16.80,15.20,20.88,12.10,20934,,,,,,,,,,,,,,,,,,,,,,,,,,,,,,,,,,,,,,,,,,,,,,,,,,,,,,,,,,,,,,,,,,,,,,,,,,,,,,,,,,,,,,,,,,,,,,,,,,,,,,,,,,,,,,,,,,,,,,,,,,,,,,,,,,,,,,
2014-04-01,11.90,1.80,-2.00,8.70 ,0.81,0.72,17.30,16.40,15.20,20.85,13.20,15259,,,,,,,,,,,,,,,,,,,,,,,,,,,,,,,,,,,,,,,,,,,,,,,,,,,,,,,,,,,,,,,,,,,,,,,,,,,,,,,,,,,,,,,,,,,,,,,,,,,,,,,,,,,,,,,,,,,,,,,,,,,,,,,,,,,,,,
2014-05-01,12.51,2.48,-1.45,8.80 ,7.07,-1.64,17.20,14.70,14.20,23.02,13.40,14013,,,,,,,,,,,,,,,,,,,,,,,,,,,,,,,,,,,,,,,,,,,,,,,,,,,,,,,,,,,,,,,,,,,,,,,,,,,,,,,,,,,,,,,,,,,,,,,,,,,,,,,,,,,,,,,,,,,,,,,,,,,,,,,,,,,,,,
2014-06-01,12.40,2.34,-1.11,9.20 ,7.19,5.37,17.30,14.10,14.80,22.84,14.70,19673,,,,,,,,,,,,,,,,,,,,,,,,,,,,,,,,,,,,,,,,,,,,,,,,,,,,,,,,,,,,,,,,,,,,,,,,,,,,,,,,,,,,,,,,,,,,,,,,,,,,,,,,,,,,,,,,,,,,,,,,,,,,,,,,,,,,,,
2014-07-01,12.22,2.29,-0.87,9.00 ,14.43,-1.64,17.00,13.70,14.60,22.61,13.50,2737,,,,,,,,,,,,,,,,,,,,,,,,,,,,,,,,,,,,,,,,,,,,,,,,,,,,,,,,,,,,,,,,,,,,,,,,,,,,,,,,,,,,,,,,,,,,,,,,,,,,,,,,,,,,,,,,,,,,,,,,,,,,,,,,,,,,,,
2014-08-01,11.90,1.99,-1.20,6.90 ,9.36,-2.41,16.50,13.20,14.10,21.57,12.80,9577,,,,,,,,,,,,,,,,,,,,,,,,,,,,,,,,,,,,,,,,,,,,,,,,,,,,,,,,,,,,,,,,,,,,,,,,,,,,,,,,,,,,,,,,,,,,,,,,,,,,,,,,,,,,,,,,,,,,,,,,,,,,,,,,,,,,,,
2014-09-01,11.57,1.63,-1.80,8.00 ,15.24,6.91,16.10,12.50,13.80,20.95,12.90,11355,,,,,,,,,,,,,,,,,,,,,,,,,,,,,,,,,,,,,,,,,,,,,,,,,,,,,,,,,,,,,,,,,,,,,,,,,,,,,,,,,,,,,,,,,,,,,,,,,,,,,,,,,,,,,,,,,,,,,,,,,,,,,,,,,,,,,,
2014-10-01,11.52,1.60,-2.24,7.70 ,11.59,4.42,15.90,12.40,13.50,21.38,12.60,6807,,,,,,,,,,,,,,,,,,,,,,,,,,,,,,,,,,,,,,,,,,,,,,,,,,,,,,,,,,,,,,,,,,,,,,,,,,,,,,,,,,,,,,,,,,,,,,,,,,,,,,,,,,,,,,,,,,,,,,,,,,,,,,,,,,,,,,
2014-11-01,11.72,1.44,-2.69,7.20 ,4.69,-6.85,15.80,11.90,13.50,20.88,12.30,11459,,,,,,,,,,,,,,,,,,,,,,,,,,,,,,,,,,,,,,,,,,,,,,,,,,,,,,,,,,,,,,,,,,,,,,,,,,,,,,,,,,,,,,,,,,,,,,,,,,,,,,,,,,,,,,,,,,,,,,,,,,,,,,,,,,,,,,
2014-12-01,11.89,1.51,-3.32,7.90 ,9.67,-2.54,15.70,10.50,13.50,20.29,12.20,16945,,,,,,,,,,,,,,,,,,,,,,,,,,,,,,,,,,,,,,,,,,,,,,,,,,,,,,,,,,,,,,,,,,,,,,,,,,,,,,,,,,,,,,,,,,,,,,,,,,,,,,,,,,,,,,,,,,,,,,,,,,,,,,,,,,,,,,
2015-01-01,11.30,0.76,-4.32,9.60 ,-3.46,-19.69,14.80,10.45,12.05,20.54,10.80,20516,,,,,,,,,,,,,,,,,,,,,,,,,,,,,,,,,,,,,,,,,,,,,,,,,,,,,,,,,,,,,,,,,,,,,,,,,,,,,,,,,,,,,,,,,,,,,,,,,,,,,,,,,,,,,,,,,,,,,,,,,,,,,,,,,,,,,,
2015-02-01,10.71,1.43,-4.80,3.60 ,48.13,-20.59,13.90,10.40,10.60,20.79,12.50,13609,,,,,,,,,,,,,,,,,,,,,,,,,,,,,,,,,,,,,,,,,,,,,,,,,,,,,,,,,,,,,,,,,,,,,,,,,,,,,,,,,,,,,,,,,,,,,,,,,,,,,,,,,,,,,,,,,,,,,,,,,,,,,,,,,,,,,,
2015-03-01,10.24,1.38,-4.56,5.60 ,-15.16,-12.53,13.50,8.50,10.40,22.83,11.60,12433,,,,,,,,,,,,,,,,,,,,,,,,,,,,,,,,,,,,,,,,,,,,,,,,,,,,,,,,,,,,,,,,,,,,,,,,,,,,,,,,,,,,,,,,,,,,,,,,,,,,,,,,,,,,,,,,,,,,,,,,,,,,,,,,,,,,,,
2015-04-01,10.00,1.51,-4.57,5.90 ,-6.66,-15.95,12.00,6.00,9.90,20.32,10.10,10582,,,,,,,,,,,,,,,,,,,,,,,,,,,,,,,,,,,,,,,,,,,,,,,,,,,,,,,,,,,,,,,,,,,,,,,,,,,,,,,,,,,,,,,,,,,,,,,,,,,,,,,,,,,,,,,,,,,,,,,,,,,,,,,,,,,,,,
2015-05-01,10.13,1.23,-4.61,6.10 ,-3.47,-17.39,11.40,5.10,10.00,18.66,10.80,12397,,,,,,,,,,,,,,,,,,,,,,,,,,,,,,,,,,,,,,,,,,,,,,,,,,,,,,,,,,,,,,,,,,,,,,,,,,,,,,,,,,,,,,,,,,,,,,,,,,,,,,,,,,,,,,,,,,,,,,,,,,,,,,,,,,,,,,
2015-06-01,10.63,1.39,-4.81,6.80 ,1.49,-6.79,11.40,4.60,9.70,19.19,11.80,18384,,,,,,,,,,,,,,,,,,,,,,,,,,,,,,,,,,,,,,,,,,,,,,,,,,,,,,,,,,,,,,,,,,,,,,,,,,,,,,,,,,,,,,,,,,,,,,,,,,,,,,,,,,,,,,,,,,,,,,,,,,,,,,,,,,,,,,
2015-07-01,10.51,1.65,-5.37,6.00 ,-9.20,-8.52,11.20,4.30,9.20,18.63,13.30,7511,,,,,,,,,,,,,,,,,,,,,,,,,,,,,,,,,,,,,,,,,,,,,,,,,,,,,,,,,,,,,,,,,,,,,,,,,,,,,,,,,,,,,,,,,,,,,,,,,,,,,,,,,,,,,,,,,,,,,,,,,,,,,,,,,,,,,,
2015-08-01,10.79,1.96,-5.92,6.10 ,-5.84,-13.87,10.90,3.50,8.93,18.79,13.30,11097,,,,,,,,,,,,,,,,,,,,,,,,,,,,,,,,,,,,,,,,,,,,,,,,,,,,,,,,,,,,,,,,,,,,,,,,,,,,,,,,,,,,,,,,,,,,,,,,,,,,,,,,,,,,,,,,,,,,,,,,,,,,,,,,,,,,,,
2015-09-01,10.90,1.60,-5.95,5.70 ,-4.05,-20.31,10.30,2.60,8.32,18.07,13.10,13571,,,,,,,,,,,,,,,,,,,,,,,,,,,,,,,,,,,,,,,,,,,,,,,,,,,,,,,,,,,,,,,,,,,,,,,,,,,,,,,,,,,,,,,,,,,,,,,,,,,,,,,,,,,,,,,,,,,,,,,,,,,,,,,,,,,,,,
2015-10-01,11.02,1.27,-5.90,5.60 ,-7.05,-18.73,10.20,2.00,8.34,17.41,13.50,5593,,,,,,,,,,,,,,,,,,,,,,,,,,,,,,,,,,,,,,,,,,,,,,,,,,,,,,,,,,,,,,,,,,,,,,,,,,,,,,,,,,,,,,,,,,,,,,,,,,,,,,,,,,,,,,,,,,,,,,,,,,,,,,,,,,,,,,
2015-11-01,11.17,1.49,-5.90,6.20 ,-7.08,-9.04,10.20,1.30,8.43,18.01,13.70,10255,,,,,,,,,,,,,,,,,,,,,,,,,,,,,,,,,,,,,,,,,,,,,,,,,,,,,,,,,,,,,,,,,,,,,,,,,,,,,,,,,,,,,,,,,,,,,,,,,,,,,,,,,,,,,,,,,,,,,,,,,,,,,,,,,,,,,,
2015-12-01,11.10,1.60,-5.90,5.90 ,-1.89,-7.89,10.00,1.00,8.10,17.29,13.30,18114,,,,,,,,,,,,,,,,,,,,,,,,,,,,,,,,,,,,,,,,,,,,,,,,,,,,,,,,,,,,,,,,,,,,,,,,,,,,,,,,,,,,,,,,,,,,,,,,,,,,,,,,,,,,,,,,,,,,,,,,,,,,,,,,,,,,,,
2016-01-01,10.65,1.80,-5.30,5.87 ,-15.25,-19.93,10.10,2.00,7.80,16.50,14.00,34758,,,,,,,,,,,,,,,,,,,,,,,,,,,,,,,,,,,,,,,,,,,,,,,,,,,,,,,,,,,,,,,,,,,,,,,,,,,,,,,,,,,,,,,,,,,,,,,,,,,,,,,,,,,,,,,,,,,,,,,,,,,,,,,,,,,,,,
2016-02-01,10.20,2.30,-4.90,4.91 ,-27.96,-13.76,10.20,3.00,7.50,15.71,13.30,8312,,,,,,,,,,,,,,,,,,,,,,,,,,,,,,,,,,,,,,,,,,,,,,,,,,,,,,,,,,,,,,,,,,,,,,,,,,,,,,,,,,,,,,,,,,,,,,,,,,,,,,,,,,,,,,,,,,,,,,,,,,,,,,,,,,,,,,
2016-03-01,10.50,2.30,-4.30,6.80 ,7.53,-8.14,10.70,6.20,6.40,19.25,13.40,23931,,,,,,,,,,,,,,,,,,,,,,,,,,,,,,,,,,,,,,,,,,,,,,,,,,,,,,,,,,,,,,,,,,,,,,,,,,,,,,,,,,,,,,,,,,,,,,,,,,,,,,,,,,,,,,,,,,,,,,,,,,,,,,,,,,,,,,
2016-04-01,10.10,2.33,-3.40,6.00 ,-5.24,-11.12,10.50,7.20,6.00,19.73,12.80,7809,,,,,,,,,,,,,,,,,,,,,,,,,,,,,,,,,,,,,,,,,,,,,,,,,,,,,,,,,,,,,,,,,,,,,,,,,,,,,,,,,,,,,,,,,,,,,,,,,,,,,,,,,,,,,,,,,,,,,,,,,,,,,,,,,,,,,,
2016-05-01,10.00,2.04,-2.80,6.00 ,-6.93,-0.59,9.60,7.00,4.60,19.75,11.80,6770,,,,,,,,,,,,,,,,,,,,,,,,,,,,,,,,,,,,,,,,,,,,,,,,,,,,,,,,,,,,,,,,,,,,,,,,,,,,,,,,,,,,,,,,,,,,,,,,,,,,,,,,,,,,,,,,,,,,,,,,,,,,,,,,,,,,,,
2016-06-01,10.60,1.88,-2.60,6.20 ,-6.83,-9.06,9.00,6.10,3.30,20.31,11.80,16479,,,,,,,,,,,,,,,,,,,,,,,,,,,,,,,,,,,,,,,,,,,,,,,,,,,,,,,,,,,,,,,,,,,,,,,,,,,,,,,,,,,,,,,,,,,,,,,,,,,,,,,,,,,,,,,,,,,,,,,,,,,,,,,,,,,,,,
2016-07-01,10.20,1.77,-1.70,6.00 ,-6.47,-12.54,8.10,5.30,3.00,18.71,10.20,4791,,,,,,,,,,,,,,,,,,,,,,,,,,,,,,,,,,,,,,,,,,,,,,,,,,,,,,,,,,,,,,,,,,,,,,,,,,,,,,,,,,,,,,,,,,,,,,,,,,,,,,,,,,,,,,,,,,,,,,,,,,,,,,,,,,,,,,
2016-08-01,10.60,1.34,-0.80,6.30 ,-3.74,1.66,8.10,5.40,2.80,18.32,11.40,14605,,,,,,,,,,,,,,,,,,,,,,,,,,,,,,,,,,,,,,,,,,,,,,,,,,,,,,,,,,,,,,,,,,,,,,,,,,,,,,,,,,,,,,,,,,,,,,,,,,,,,,,,,,,,,,,,,,,,,,,,,,,,,,,,,,,,,,
2016-09-01,10.70,1.92,0.10,6.10 ,-10.48,-1.59,8.20,5.80,3.10,17.92,11.50,17115,,,,,,,,,,,,,,,,,,,,,,,,,,,,,,,,,,,,,,,,,,,,,,,,,,,,,,,,,,,,,,,,,,,,,,,,,,,,,,,,,,,,,,,,,,,,,,,,,,,,,,,,,,,,,,,,,,,,,,,,,,,,,,,,,,,,,,
2016-10-01,10.00,2.10,1.20,6.10 ,-7.99,-1.70,8.30,6.60,3.10,17.59,11.60,8865,,,,,,,,,,,,,,,,,,,,,,,,,,,,,,,,,,,,,,,,,,,,,,,,,,,,,,,,,,,,,,,,,,,,,,,,,,,,,,,,,,,,,,,,,,,,,,,,,,,,,,,,,,,,,,,,,,,,,,,,,,,,,,,,,,,,,,
2016-11-01,10.80,2.25,3.30,6.20 ,-1.54,5.51,8.30,6.50,3.60,17.21,11.40,18328,,,,,,,,,,,,,,,,,,,,,,,,,,,,,,,,,,,,,,,,,,,,,,,,,,,,,,,,,,,,,,,,,,,,,,,,,,,,,,,,,,,,,,,,,,,,,,,,,,,,,,,,,,,,,,,,,,,,,,,,,,,,,,,,,,,,,,
2016-12-01,10.90,2.08,5.50,6.00 ,-6.29,3.65,8.10,6.90,4.20,15.71,11.30,16397,,,,,,,,,,,,,,,,,,,,,,,,,,,,,,,,,,,,,,,,,,,,,,,,,,,,,,,,,,,,,,,,,,,,,,,,,,,,,,,,,,,,,,,,,,,,,,,,,,,,,,,,,,,,,,,,,,,,,,,,,,,,,,,,,,,,,,
2017-01-01,10.20,2.55,6.90,2.94 ,6.42,16.93,8.50,7.90,4.25,18.49,10.70,37720,,,,,,,,,,,,,,,,,,,,,,,,,,,,,,,,,,,,,,,,,,,,,,,,,,,,,,,,,,,,,,,,,,,,,,,,,,,,,,,,,,,,,,,,,,,,,,,,,,,,,,,,,,,,,,,,,,,,,,,,,,,,,,,,,,,,,,
2017-02-01,9.50,0.80,7.80,10.32 ,-2.35,38.72,8.90,8.90,4.30,21.26,10.40,11055,,,,,,,,,,,,,,,,,,,,,,,,,,,,,,,,,,,,,,,,,,,,,,,,,,,,,,,,,,,,,,,,,,,,,,,,,,,,,,,,,,,,,,,,,,,,,,,,,,,,,,,,,,,,,,,,,,,,,,,,,,,,,,,,,,,,,,
2017-03-01,10.90,0.90,7.60,7.60 ,15.57,20.24,9.20,9.10,5.80,18.68,10.10,25472,,,,,,,,,,,,,,,,,,,,,,,,,,,,,,,,,,,,,,,,,,,,,,,,,,,,,,,,,,,,,,,,,,,,,,,,,,,,,,,,,,,,,,,,,,,,,,,,,,,,,,,,,,,,,,,,,,,,,,,,,,,,,,,,,,,,,,
2017-04-01,10.70,1.20,6.40,6.50 ,6.64,11.37,8.90,9.30,4.90,18.21,9.80,19559,,,,,,,,,,,,,,,,,,,,,,,,,,,,,,,,,,,,,,,,,,,,,,,,,,,,,,,,,,,,,,,,,,,,,,,,,,,,,,,,,,,,,,,,,,,,,,,,,,,,,,,,,,,,,,,,,,,,,,,,,,,,,,,,,,,,,,
2017-05-01,10.70,1.50,5.50,6.50 ,7.61,13.98,8.60,8.80,5.10,16.66,9.10,17812,,,,,,,,,,,,,,,,,,,,,,,,,,,,,,,,,,,,,,,,,,,,,,,,,,,,,,,,,,,,,,,,,,,,,,,,,,,,,,,,,,,,,,,,,,,,,,,,,,,,,,,,,,,,,,,,,,,,,,,,,,,,,,,,,,,,,,
2017-06-01,11.00,1.50,5.50,7.60 ,10.28,16.97,8.60,8.50,5.50,16.85,9.10,25886,,,,,,,,,,,,,,,,,,,,,,,,,,,,,,,,,,,,,,,,,,,,,,,,,,,,,,,,,,,,,,,,,,,,,,,,,,,,,,,,,,,,,,,,,,,,,,,,,,,,,,,,,,,,,,,,,,,,,,,,,,,,,,,,,,,,,,
2017-07-01,10.40,1.40,5.50,6.40 ,6.34,11.30,8.30,7.90,4.80,16.67,8.90,21188,,,,,,,,,,,,,,,,,,,,,,,,,,,,,,,,,,,,,,,,,,,,,,,,,,,,,,,,,,,,,,,,,,,,,,,,,,,,,,,,,,,,,,,,,,,,,,,,,,,,,,,,,,,,,,,,,,,,,,,,,,,,,,,,,,,,,,
2017-08-01,10.10,1.80,6.30,6.00 ,4.88,13.88,7.80,7.90,4.50,16.09,8.60,20486,,,,,,,,,,,,,,,,,,,,,,,,,,,,,,,,,,,,,,,,,,,,,,,,,,,,,,,,,,,,,,,,,,,,,,,,,,,,,,,,,,,,,,,,,,,,,,,,,,,,,,,,,,,,,,,,,,,,,,,,,,,,,,,,,,,,,,
2017-09-01,10.30,1.60,6.90,6.60 ,7.91,19.27,7.50,8.10,4.20,15.88,9.00,25439,,,,,,,,,,,,,,,,,,,,,,,,,,,,,,,,,,,,,,,,,,,,,,,,,,,,,,,,,,,,,,,,,,,,,,,,,,,,,,,,,,,,,,,,,,,,,,,,,,,,,,,,,,,,,,,,,,,,,,,,,,,,,,,,,,,,,,
2017-10-01,10.00,1.90,6.90,6.20 ,6.26,17.36,7.30,7.80,4.10,15.85,8.90,15861,,,,,,,,,,,,,,,,,,,,,,,,,,,,,,,,,,,,,,,,,,,,,,,,,,,,,,,,,,,,,,,,,,,,,,,,,,,,,,,,,,,,,,,,,,,,,,,,,,,,,,,,,,,,,,,,,,,,,,,,,,,,,,,,,,,,,,
2017-11-01,10.20,1.70,5.80,6.10 ,11.51,17.90,7.20,7.50,4.10,15.83,9.10,22956,,,,,,,,,,,,,,,,,,,,,,,,,,,,,,,,,,,,,,,,,,,,,,,,,,,,,,,,,,,,,,,,,,,,,,,,,,,,,,,,,,,,,,,,,,,,,,,,,,,,,,,,,,,,,,,,,,,,,,,,,,,,,,,,,,,,,,
2017-12-01,9.40,1.80,4.90,6.20 ,10.73,4.84,7.20,7.00,4.80,14.93,8.10,18103,,,,,,,,,,,,,,,,,,,,,,,,,,,,,,,,,,,,,,,,,,,,,,,,,,,,,,,,,,,,,,,,,,,,,,,,,,,,,,,,,,,,,,,,,,,,,,,,,,,,,,,,,,,,,,,,,,,,,,,,,,,,,,,,,,,,,,
2018-01-01,9.55,1.50,4.30,15.43 ,10.65,37.66,7.55,8.45,4.55,13.14,8.60,31417,,,,,,,,,,,,,,,,,,,,,,,,,,,,,,,,,,,,,,,,,,,,,,,,,,,,,,,,,,,,,,,,,,,,,,,,,,,,,,,,,,,,,,,,,,,,,,,,,,,,,,,,,,,,,,,,,,,,,,,,,,,,,,,,,,,,,,
2018-02-01,9.70,2.90,3.70,-2.12 ,43.50,6.59,7.90,9.90,4.30,11.34,8.80,12064,,,,,,,,,,,,,,,,,,,,,,,,,,,,,,,,,,,,,,,,,,,,,,,,,,,,,,,,,,,,,,,,,,,,,,,,,,,,,,,,,,,,,,,,,,,,,,,,,,,,,,,,,,,,,,,,,,,,,,,,,,,,,,,,,,,,,,
2018-03-01,10.10,2.10,3.10,6.00 ,-2.98,14.79,7.50,10.40,3.80,8.34,8.20,17091,,,,,,,,,,,,,,,,,,,,,,,,,,,,,,,,,,,,,,,,,,,,,,,,,,,,,,,,,,,,,,,,,,,,,,,,,,,,,,,,,,,,,,,,,,,,,,,,,,,,,,,,,,,,,,,,,,,,,,,,,,,,,,,,,,,,,,
2018-04-01,9.40,1.80,3.40,7.00 ,11.91,22.28,7.00,10.30,4.80,7.63,8.30,22243,,,,,,,,,,,,,,,,,,,,,,,,,,,,,,,,,,,,,,,,,,,,,,,,,,,,,,,,,,,,,,,,,,,,,,,,,,,,,,,,,,,,,,,,,,,,,,,,,,,,,,,,,,,,,,,,,,,,,,,,,,,,,,,,,,,,,,
2018-05-01,8.50,1.80,4.10,6.80 ,11.90,26.15,6.10,10.20,5.20,5.02,8.30,11234,,,,,,,,,,,,,,,,,,,,,,,,,,,,,,,,,,,,,,,,,,,,,,,,,,,,,,,,,,,,,,,,,,,,,,,,,,,,,,,,,,,,,,,,,,,,,,,,,,,,,,,,,,,,,,,,,,,,,,,,,,,,,,,,,,,,,,
2018-06-01,9.00,1.90,4.70,6.00 ,10.70,13.78,6.00,9.70,6.80,3.31,8.00,20373,,,,,,,,,,,,,,,,,,,,,,,,,,,,,,,,,,,,,,,,,,,,,,,,,,,,,,,,,,,,,,,,,,,,,,,,,,,,,,,,,,,,,,,,,,,,,,,,,,,,,,,,,,,,,,,,,,,,,,,,,,,,,,,,,,,,,,
2018-07-01,8.80,2.10,4.60,6.00 ,11.60,26.92,5.50,10.20,7.30,1.80,8.50,18382,,,,,,,,,,,,,,,,,,,,,,,,,,,,,,,,,,,,,,,,,,,,,,,,,,,,,,,,,,,,,,,,,,,,,,,,,,,,,,,,,,,,,,,,,,,,,,,,,,,,,,,,,,,,,,,,,,,,,,,,,,,,,,,,,,,,,,
2018-08-01,9.00,2.30,4.10,6.10 ,9.55,20.67,5.30,10.10,7.50,0.66,8.20,24078,,,,,,,,,,,,,,,,,,,,,,,,,,,,,,,,,,,,,,,,,,,,,,,,,,,,,,,,,,,,,,,,,,,,,,,,,,,,,,,,,,,,,,,,,,,,,,,,,,,,,,,,,,,,,,,,,,,,,,,,,,,,,,,,,,,,,,
2018-09-01,9.20,2.50,3.60,5.80 ,13.87,14.40,5.40,9.90,8.70,0.26,8.30,23061,,,,,,,,,,,,,,,,,,,,,,,,,,,,,,,,,,,,,,,,,,,,,,,,,,,,,,,,,,,,,,,,,,,,,,,,,,,,,,,,,,,,,,,,,,,,,,,,,,,,,,,,,,,,,,,,,,,,,,,,,,,,,,,,,,,,,,
2018-10-01,8.60,2.50,3.30,5.90 ,14.29,20.38,5.70,9.70,9.10,0.92,8.00,9538,,,,,,,,,,,,,,,,,,,,,,,,,,,,,,,,,,,,,,,,,,,,,,,,,,,,,,,,,,,,,,,,,,,,,,,,,,,,,,,,,,,,,,,,,,,,,,,,,,,,,,,,,,,,,,,,,,,,,,,,,,,,,,,,,,,,,,
2018-11-01,8.10,2.20,2.70,5.40 ,3.92,2.84,5.90,9.70,9.50,1.19,8.00,16127,,,,,,,,,,,,,,,,,,,,,,,,,,,,,,,,,,,,,,,,,,,,,,,,,,,,,,,,,,,,,,,,,,,,,,,,,,,,,,,,,,,,,,,,,,,,,,,,,,,,,,,,,,,,,,,,,,,,,,,,,,,,,,,,,,,,,,
2018-12-01,8.16,1.90,0.90,5.70 ,-4.61,-7.67,5.90,9.50,9.50,1.79,8.10,19311,,,,,,,,,,,,,,,,,,,,,,,,,,,,,,,,,,,,,,,,,,,,,,,,,,,,,,,,,,,,,,,,,,,,,,,,,,,,,,,,,,,,,,,,,,,,,,,,,,,,,,,,,,,,,,,,,,,,,,,,,,,,,,,,,,,,,,
2019-01-01,8.18,1.70,0.10,6.80 ,9.29,-0.82,6.00,10.55,7.70,2.15,8.40,46791,,,,,,,,,,,,,,,,,,,,,,,,,,,,,,,,,,,,,,,,,,,,,,,,,,,,,,,,,,,,,,,,,,,,,,,,,,,,,,,,,,,,,,,,,,,,,,,,,,,,,,,,,,,,,,,,,,,,,,,,,,,,,,,,,,,,,,
2019-02-01,8.20,1.50,0.10,3.36 ,-20.65,-4.32,6.10,11.60,5.90,2.50,8.00,9665,,,,,,,,,,,,,,,,,,,,,,,,,,,,,,,,,,,,,,,,,,,,,,,,,,,,,,,,,,,,,,,,,,,,,,,,,,,,,,,,,,,,,,,,,,,,,,,,,,,,,,,,,,,,,,,,,,,,,,,,,,,,,,,,,,,,,,
2019-03-01,8.70,2.30,0.40,8.50 ,13.99,-7.14,6.30,11.80,4.60,2.95,8.60,29602,,,,,,,,,,,,,,,,,,,,,,,,,,,,,,,,,,,,,,,,,,,,,,,,,,,,,,,,,,,,,,,,,,,,,,,,,,,,,,,,,,,,,,,,,,,,,,,,,,,,,,,,,,,,,,,,,,,,,,,,,,,,,,,,,,,,,,
2019-04-01,7.20,2.50,0.90,5.40 ,-2.68,4.52,6.10,11.90,2.50,2.97,8.50,16710,,,,,,,,,,,,,,,,,,,,,,,,,,,,,,,,,,,,,,,,,,,,,,,,,,,,,,,,,,,,,,,,,,,,,,,,,,,,,,,,,,,,,,,,,,,,,,,,,,,,,,,,,,,,,,,,,,,,,,,,,,,,,,,,,,,,,,
2019-05-01,8.60,2.70,0.60,5.00 ,1.10,-8.19,5.60,11.20,2.70,2.60,8.50,17124,,,,,,,,,,,,,,,,,,,,,,,,,,,,,,,,,,,,,,,,,,,,,,,,,,,,,,,,,,,,,,,,,,,,,,,,,,,,,,,,,,,,,,,,,,,,,,,,,,,,,,,,,,,,,,,,,,,,,,,,,,,,,,,,,,,,,,
2019-06-01,9.80,2.70,0.00,6.30 ,-1.45,-6.80,5.80,10.90,3.00,2.95,8.50,26243,,,,,,,,,,,,,,,,,,,,,,,,,,,,,,,,,,,,,,,,,,,,,,,,,,,,,,,,,,,,,,,,,,,,,,,,,,,,,,,,,,,,,,,,,,,,,,,,,,,,,,,,,,,,,,,,,,,,,,,,,,,,,,,,,,,,,,
2019-07-01,7.60,2.80,-0.30,4.80 ,3.44,-4.90,5.70,10.60,3.30,2.91,8.10,12872,,,,,,,,,,,,,,,,,,,,,,,,,,,,,,,,,,,,,,,,,,,,,,,,,,,,,,,,,,,,,,,,,,,,,,,,,,,,,,,,,,,,,,,,,,,,,,,,,,,,,,,,,,,,,,,,,,,,,,,,,,,,,,,,,,,,,,
2019-08-01,7.50,2.80,-0.80,4.40 ,-0.96,-5.50,5.50,10.50,2.60,3.19,8.20,21956,,,,,,,,,,,,,,,,,,,,,,,,,,,,,,,,,,,,,,,,,,,,,,,,,,,,,,,,,,,,,,,,,,,,,,,,,,,,,,,,,,,,,,,,,,,,,,,,,,,,,,,,,,,,,,,,,,,,,,,,,,,,,,,,,,,,,,
2019-09-01,7.80,3.00,-1.20,5.80 ,-3.19,-8.20,5.40,10.50,2.50,3.44,8.40,25142,,,,,,,,,,,,,,,,,,,,,,,,,,,,,,,,,,,,,,,,,,,,,,,,,,,,,,,,,,,,,,,,,,,,,,,,,,,,,,,,,,,,,,,,,,,,,,,,,,,,,,,,,,,,,,,,,,,,,,,,,,,,,,,,,,,,,,
2019-10-01,7.20,3.80,-1.60,4.70 ,-0.83,-6.11,5.20,10.30,2.60,3.26,8.40,8680,,,,,,,,,,,,,,,,,,,,,,,,,,,,,,,,,,,,,,,,,,,,,,,,,,,,,,,,,,,,,,,,,,,,,,,,,,,,,,,,,,,,,,,,,,,,,,,,,,,,,,,,,,,,,,,,,,,,,,,,,,,,,,,,,,,,,,
2019-11-01,8.00,4.50,-1.40,6.20 ,-1.27,1.00,5.20,10.20,2.50,3.47,8.20,19937,,,,,,,,,,,,,,,,,,,,,,,,,,,,,,,,,,,,,,,,,,,,,,,,,,,,,,,,,,,,,,,,,,,,,,,,,,,,,,,,,,,,,,,,,,,,,,,,,,,,,,,,,,,,,,,,,,,,,,,,,,,,,,,,,,,,,,
2019-12-01,8.00,4.50,-0.50,6.90 ,8.05,16.67,5.40,9.90,3.10,3.33,8.70,22013,,,,,,,,,,,,,,,,,,,,,,,,,,,,,,,,,,,,,,,,,,,,,,,,,,,,,,,,,,,,,,,,,,,,,,,,,,,,,,,,,,,,,,,,,,,,,,,,,,,,,,,,,,,,,,,,,,,,,,,,,,,,,,,,,,,,,,
2020-01-01,-6.25,5.40,0.10,-4.31 ,-2.94,-12.66,-9.55,-3.20,-14.20,-11.77,8.40,50535,,,,,,,,,,,,,,,,,,,,,,,,,,,,,,,,,,,,,,,,,,,,,,,,,,,,,,,,,,,,,,,,,,,,,,,,,,,,,,,,,,,,,,,,,,,,,,,,,,,,,,,,,,,,,,,,,,,,,,,,,,,,,,,,,,,,,,
2020-02-01,-20.50,5.20,-0.40,-25.87 ,-40.61,7.56,-24.50,-16.30,-31.50,-26.86,8.80,8737,,,,,,,,,,,,,,,,,,,,,,,,,,,,,,,,,,,,,,,,,,,,,,,,,,,,,,,,,,,,,,,,,,,,,,,,,,,,,,,,,,,,,,,,,,,,,,,,,,,,,,,,,,,,,,,,,,,,,,,,,,,,,,,,,,,,,,
2020-03-01,-15.80,4.30,-1.50,-1.10 ,-6.89,-1.36,-16.10,-7.70,-25.20,-16.36,10.10,51838,,,,,,,,,,,,,,,,,,,,,,,,,,,,,,,,,,,,,,,,,,,,,,,,,,,,,,,,,,,,,,,,,,,,,,,,,,,,,,,,,,,,,,,,,,,,,,,,,,,,,,,,,,,,,,,,,,,,,,,,,,,,,,,,,,,,,,
2020-04-01,-7.50,3.30,-3.10,3.90 ,3.04,-14.39,-10.30,-3.30,-18.80,-8.78,11.10,31027,,,,,,,,,,,,,,,,,,,,,,,,,,,,,,,,,,,,,,,,,,,,,,,,,,,,,,,,,,,,,,,,,,,,,,,,,,,,,,,,,,,,,,,,,,,,,,,,,,,,,,,,,,,,,,,,,,,,,,,,,,,,,,,,,,,,,,
2020-05-01,-2.80,2.40,-3.70,4.40 ,-3.50,-16.18,-6.30,-0.30,-14.80,-3.31,11.10,31866,,,,,,,,,,,,,,,,,,,,,,,,,,,,,,,,,,,,,,,,,,,,,,,,,,,,,,,,,,,,,,,,,,,,,,,,,,,,,,,,,,,,,,,,,,,,,,,,,,,,,,,,,,,,,,,,,,,,,,,,,,,,,,,,,,,,,,
2020-06-01,-1.80,2.50,-3.00,4.80 ,0.18,3.29,-3.10,1.90,-11.70,-0.07,11.10,34681,,,,,,,,,,,,,,,,,,,,,,,,,,,,,,,,,,,,,,,,,,,,,,,,,,,,,,,,,,,,,,,,,,,,,,,,,,,,,,,,,,,,,,,,,,,,,,,,,,,,,,,,,,,,,,,,,,,,,,,,,,,,,,,,,,,,,,
2020-07-01,-1.10,2.70,-2.40,4.80 ,6.79,-0.69,-1.60,3.40,-10.20,1.19,10.70,16928,,,,,,,,,,,,,,,,,,,,,,,,,,,,,,,,,,,,,,,,,,,,,,,,,,,,,,,,,,,,,,,,,,,,,,,,,,,,,,,,,,,,,,,,,,,,,,,,,,,,,,,,,,,,,,,,,,,,,,,,,,,,,,,,,,,,,,
2020-08-01,0.50,2.40,-2.00,5.60 ,9.08,-1.60,-0.30,4.60,-8.10,2.02,10.40,35853,,,,,,,,,,,,,,,,,,,,,,,,,,,,,,,,,,,,,,,,,,,,,,,,,,,,,,,,,,,,,,,,,,,,,,,,,,,,,,,,,,,,,,,,,,,,,,,,,,,,,,,,,,,,,,,,,,,,,,,,,,,,,,,,,,,,,,
2020-09-01,3.30,1.70,-2.10,6.90 ,9.35,13.47,0.80,5.60,-6.50,2.42,10.90,34693,,,,,,,,,,,,,,,,,,,,,,,,,,,,,,,,,,,,,,,,,,,,,,,,,,,,,,,,,,,,,,,,,,,,,,,,,,,,,,,,,,,,,,,,,,,,,,,,,,,,,,,,,,,,,,,,,,,,,,,,,,,,,,,,,,,,,,
2020-10-01,4.30,0.50,-2.10,6.90 ,10.92,4.83,1.80,6.30,-5.30,3.01,10.50,13929,,,,,,,,,,,,,,,,,,,,,,,,,,,,,,,,,,,,,,,,,,,,,,,,,,,,,,,,,,,,,,,,,,,,,,,,,,,,,,,,,,,,,,,,,,,,,,,,,,,,,,,,,,,,,,,,,,,,,,,,,,,,,,,,,,,,,,
2020-11-01,5.00,-0.50,-1.50,7.00 ,20.53,4.56,2.60,6.80,-3.50,3.32,10.70,21355,,,,,,,,,,,,,,,,,,,,,,,,,,,,,,,,,,,,,,,,,,,,,,,,,,,,,,,,,,,,,,,,,,,,,,,,,,,,,,,,,,,,,,,,,,,,,,,,,,,,,,,,,,,,,,,,,,,,,,,,,,,,,,,,,,,,,,
2020-12-01,4.60,0.20,-0.40,7.30 ,18.04,7.58,2.90,7.00,-2.20,3.41,10.10,17192,,,,,,,,,,,,,,,,,,,,,,,,,,,,,,,,,,,,,,,,,,,,,,,,,,,,,,,,,,,,,,,,,,,,,,,,,,,,,,,,,,,,,,,,,,,,,,,,,,,,,,,,,,,,,,,,,,,,,,,,,,,,,,,,,,,,,,
2021-01-01,19.20,-0.30,0.30,25.40 ,24.48,28.71,18.95,22.65,17.55,19.18,9.40,51884,,,,,,,,,,,,,,,,,,,,,,,,,,,,,,,,,,,,,,,,,,,,,,,,,,,,,,,,,,,,,,,,,,,,,,,,,,,,,,,,,,,,,,,,,,,,,,,,,,,,,,,,,,,,,,,,,,,,,,,,,,,,,,,,,,,,,,
2021-02-01,33.80,-0.20,1.70,52.34 ,154.28,18.97,35.00,38.30,37.30,34.95,10.10,17243,,,,,,,,,,,,,,,,,,,,,,,,,,,,,,,,,,,,,,,,,,,,,,,,,,,,,,,,,,,,,,,,,,,,,,,,,,,,,,,,,,,,,,,,,,,,,,,,,,,,,,,,,,,,,,,,,,,,,,,,,,,,,,,,,,,,,,
2021-03-01,34.20,0.40,4.40,14.10 ,30.32,39.12,25.60,25.60,29.80,26.76,9.40,33762,,,,,,,,,,,,,,,,,,,,,,,,,,,,,,,,,,,,,,,,,,,,,,,,,,,,,,,,,,,,,,,,,,,,,,,,,,,,,,,,,,,,,,,,,,,,,,,,,,,,,,,,,,,,,,,,,,,,,,,,,,,,,,,,,,,,,,
2021-04-01,17.70,0.90,6.80,9.80 ,31.89,44.05,19.90,21.60,23.80,16.91,8.10,18570,,,,,,,,,,,,,,,,,,,,,,,,,,,,,,,,,,,,,,,,,,,,,,,,,,,,,,,,,,,,,,,,,,,,,,,,,,,,,,,,,,,,,,,,,,,,,,,,,,,,,,,,,,,,,,,,,,,,,,,,,,,,,,,,,,,,,,
2021-05-01,12.40,1.30,9.00,8.80 ,27.52,52.19,15.40,18.30,20.40,10.36,8.30,19522,,,,,,,,,,,,,,,,,,,,,,,,,,,,,,,,,,,,,,,,,,,,,,,,,,,,,,,,,,,,,,,,,,,,,,,,,,,,,,,,,,,,,,,,,,,,,,,,,,,,,,,,,,,,,,,,,,,,,,,,,,,,,,,,,,,,,,
2021-06-01,12.10,1.10,8.80,8.30 ,31.69,37.28,12.60,15.00,19.20,7.15,8.60,37017,,,,,,,,,,,,,,,,,,,,,,,,,,,,,,,,,,,,,,,,,,,,,,,,,,,,,,,,,,,,,,,,,,,,,,,,,,,,,,,,,,,,,,,,,,,,,,,,,,,,,,,,,,,,,,,,,,,,,,,,,,,,,,,,,,,,,,
2021-07-01,8.50,1.00,9.00,6.40 ,18.76,28.27,10.30,12.70,17.30,4.19,8.30,10752,,,,,,,,,,,,,,,,,,,,,,,,,,,,,,,,,,,,,,,,,,,,,,,,,,,,,,,,,,,,,,,,,,,,,,,,,,,,,,,,,,,,,,,,,,,,,,,,,,,,,,,,,,,,,,,,,,,,,,,,,,,,,,,,,,,,,,
2021-08-01,2.50,0.80,9.50,5.30 ,25.09,32.41,8.90,10.90,15.70,2.58,8.20,29893,,,,,,,,,,,,,,,,,,,,,,,,,,,,,,,,,,,,,,,,,,,,,,,,,,,,,,,,,,,,,,,,,,,,,,,,,,,,,,,,,,,,,,,,,,,,,,,,,,,,,,,,,,,,,,,,,,,,,,,,,,,,,,,,,,,,,,
2021-09-01,4.40,0.70,10.70,3.10 ,27.70,16.67,7.30,8.80,14.80,1.52,8.30,29026,,,,,,,,,,,,,,,,,,,,,,,,,,,,,,,,,,,,,,,,,,,,,,,,,,,,,,,,,,,,,,,,,,,,,,,,,,,,,,,,,,,,,,,,,,,,,,,,,,,,,,,,,,,,,,,,,,,,,,,,,,,,,,,,,,,,,,
2021-10-01,4.90,1.50,13.50,3.50 ,26.62,20.01,6.10,7.20,14.20,0.72,8.70,16176,,,,,,,,,,,,,,,,,,,,,,,,,,,,,,,,,,,,,,,,,,,,,,,,,,,,,,,,,,,,,,,,,,,,,,,,,,,,,,,,,,,,,,,,,,,,,,,,,,,,,,,,,,,,,,,,,,,,,,,,,,,,,,,,,,,,,,
2021-11-01,3.90,2.30,12.90,3.80 ,21.49,31.32,5.20,6.00,13.70,-0.17,8.50,25983,,,,,,,,,,,,,,,,,,,,,,,,,,,,,,,,,,,,,,,,,,,,,,,,,,,,,,,,,,,,,,,,,,,,,,,,,,,,,,,,,,,,,,,,,,,,,,,,,,,,,,,,,,,,,,,,,,,,,,,,,,,,,,,,,,,,,,
2021-12-01,1.70,1.50,10.30,4.30 ,20.58,19.70,4.90,4.40,13.50,0.21,9.00,23580,,,,,,,,,,,,,,,,,,,,,,,,,,,,,,,,,,,,,,,,,,,,,,,,,,,,,,,,,,,,,,,,,,,,,,,,,,,,,,,,,,,,,,,,,,,,,,,,,,,,,,,,,,,,,,,,,,,,,,,,,,,,,,,,,,,,,,
2022-01-01,4.20,0.90,9.10,3.86 ,22.74,20.79,8.55,4.05,17.20,4.41,9.80,61759,,,,,,,,,,,,,,,,,,,,,,,,,,,,,,,,,,,,,,,,,,,,,,,,,,,,,,,,,,,,,,,,,,,,,,,,,,,,,,,,,,,,,,,,,,,,,,,,,,,,,,,,,,,,,,,,,,,,,,,,,,,,,,,,,,,,,,
2022-02-01,6.70,0.90,8.80,12.80 ,5.09,11.36,12.20,3.70,20.90,8.61,9.20,12170,,,,,,,,,,,,,,,,,,,,,,,,,,,,,,,,,,,,,,,,,,,,,,,,,,,,,,,,,,,,,,,,,,,,,,,,,,,,,,,,,,,,,,,,,,,,,,,,,,,,,,,,,,,,,,,,,,,,,,,,,,,,,,,,,,,,,,
2022-03-01,-3.53,1.50,8.30,5.00 ,13.44,0.45,9.30,0.70,15.60,10.48,9.70,46565,,,,,,,,,,,,,,,,,,,,,,,,,,,,,,,,,,,,,,,,,,,,,,,,,,,,,,,,,,,,,,,,,,,,,,,,,,,,,,,,,,,,,,,,,,,,,,,,,,,,,,,,,,,,,,,,,,,,,,,,,,,,,,,,,,,,,,
2022-04-01,-11.10,2.10,8.00,-2.90 ,2.23,0.02,6.80,-2.70,12.20,8.26,10.50,9327,,,,,,,,,,,,,,,,,,,,,,,,,,,,,,,,,,,,,,,,,,,,,,,,,,,,,,,,,,,,,,,,,,,,,,,,,,,,,,,,,,,,,,,,,,,,,,,,,,,,,,,,,,,,,,,,,,,,,,,,,,,,,,,,,,,,,,
2022-05-01,-6.70,2.10,6.40,0.70 ,15.45,3.35,6.20,-4.00,10.60,8.16,11.10,28415,,,,,,,,,,,,,,,,,,,,,,,,,,,,,,,,,,,,,,,,,,,,,,,,,,,,,,,,,,,,,,,,,,,,,,,,,,,,,,,,,,,,,,,,,,,,,,,,,,,,,,,,,,,,,,,,,,,,,,,,,,,,,,,,,,,,,,
2022-06-01,3.10,2.50,6.10,3.90 ,15.38,-0.33,6.10,-5.40,10.40,9.25,11.40,51926,,,,,,,,,,,,,,,,,,,,,,,,,,,,,,,,,,,,,,,,,,,,,,,,,,,,,,,,,,,,,,,,,,,,,,,,,,,,,,,,,,,,,,,,,,,,,,,,,,,,,,,,,,,,,,,,,,,,,,,,,,,,,,,,,,,,,,
2022-07-01,2.70,2.70,4.20,3.80 ,16.42,1.23,5.70,-6.40,9.90,9.58,12.00,7785,,,,,,,,,,,,,,,,,,,,,,,,,,,,,,,,,,,,,,,,,,,,,,,,,,,,,,,,,,,,,,,,,,,,,,,,,,,,,,,,,,,,,,,,,,,,,,,,,,,,,,,,,,,,,,,,,,,,,,,,,,,,,,,,,,,,,,
2022-08-01,5.40,2.50,2.30,4.20 ,5.87,-0.57,5.80,-7.40,10.00,10.37,12.20,24712,,,,,,,,,,,,,,,,,,,,,,,,,,,,,,,,,,,,,,,,,,,,,,,,,,,,,,,,,,,,,,,,,,,,,,,,,,,,,,,,,,,,,,,,,,,,,,,,,,,,,,,,,,,,,,,,,,,,,,,,,,,,,,,,,,,,,,
2022-09-01,2.50,2.80,0.90,6.30 ,4.45,-0.45,5.90,-8.00,10.10,11.20,12.10,35411,,,,,,,,,,,,,,,,,,,,,,,,,,,,,,,,,,,,,,,,,,,,,,,,,,,,,,,,,,,,,,,,,,,,,,,,,,,,,,,,,,,,,,,,,,,,,,,,,,,,,,,,,,,,,,,,,,,,,,,,,,,,,,,,,,,,,,
2022-10-01,-0.50,2.10,-1.30,5.00 ,-1.84,-1.31,5.80,-8.80,9.70,11.39,11.80,9134,,,,,,,,,,,,,,,,,,,,,,,,,,,,,,,,,,,,,,,,,,,,,,,,,,,,,,,,,,,,,,,,,,,,,,,,,,,,,,,,,,,,,,,,,,,,,,,,,,,,,,,,,,,,,,,,,,,,,,,,,,,,,,,,,,,,,,
2022-11-01,-5.90,1.60,-1.30,2.20 ,-10.38,-11.14,5.30,-9.80,9.30,11.65,12.40,19837,,,,,,,,,,,,,,,,,,,,,,,,,,,,,,,,,,,,,,,,,,,,,,,,,,,,,,,,,,,,,,,,,,,,,,,,,,,,,,,,,,,,,,,,,,,,,,,,,,,,,,,,,,,,,,,,,,,,,,,,,,,,,,,,,,,,,,
2022-12-01,-1.80,1.80,-0.70,1.30 ,-12.59,-7.53,5.10,-10.00,9.10,11.52,11.80,13063,,,,,,,,,,,,,,,,,,,,,,,,,,,,,,,,,,,,,,,,,,,,,,,,,,,,,,,,,,,,,,,,,,,,,,,,,,,,,,,,,,,,,,,,,,,,,,,,,,,,,,,,,,,,,,,,,,,,,,,,,,,,,,,,,,,,,,
2023-01-01,0.85,2.10,-0.80,-9.79 ,-12.02,-21.08,5.30,-7.85,8.60,11.85,12.60,59956,,,,,,,,,,,,,,,,,,,,,,,,,,,,,,,,,,,,,,,,,,,,,,,,,,,,,,,,,,,,,,,,,,,,,,,,,,,,,,,,,,,,,,,,,,,,,,,,,,,,,,,,,,,,,,,,,,,,,,,,,,,,,,,,,,,,,,
2023-02-01,3.50,1.00,-1.40,18.77 ,-2.87,4.24,5.50,-5.70,8.10,12.18,12.90,31610,,,,,,,,,,,,,,,,,,,,,,,,,,,,,,,,,,,,,,,,,,,,,,,,,,,,,,,,,,,,,,,,,,,,,,,,,,,,,,,,,,,,,,,,,,,,,,,,,,,,,,,,,,,,,,,,,,,,,,,,,,,,,,,,,,,,,,
2023-03-01,10.60,0.70,-2.50,3.90 ,10.84,-2.02,5.10,-5.80,7.00,10.82,12.70,53867,,,,,,,,,,,,,,,,,,,,,,,,,,,,,,,,,,,,,,,,,,,,,,,,,,,,,,,,,,,,,,,,,,,,,,,,,,,,,,,,,,,,,,,,,,,,,,,,,,,,,,,,,,,,,,,,,,,,,,,,,,,,,,,,,,,,,,
2023-04-01,18.40,0.10,-3.60,5.60 ,7.11,-8.82,4.70,-6.20,6.40,9.80,12.40,12249,,,,,,,,,,,,,,,,,,,,,,,,,,,,,,,,,,,,,,,,,,,,,,,,,,,,,,,,,,,,,,,,,,,,,,,,,,,,,,,,,,,,,,,,,,,,,,,,,,,,,,,,,,,,,,,,,,,,,,,,,,,,,,,,,,,,,,
2023-05-01,12.70,0.20,-4.60,3.50 ,-7.56,-5.28,4.00,-7.20,6.00,9.53,11.60,15560,,,,,,,,,,,,,,,,,,,,,,,,,,,,,,,,,,,,,,,,,,,,,,,,,,,,,,,,,,,,,,,,,,,,,,,,,,,,,,,,,,,,,,,,,,,,,,,,,,,,,,,,,,,,,,,,,,,,,,,,,,,,,,,,,,,,,,
2023-06-01,3.10,0.00,-5.40,4.40 ,-12.38,-7.08,3.80,-7.90,6.00,10.15,11.30,42265,,,,,,,,,,,,,,,,,,,,,,,,,,,,,,,,,,,,,,,,,,,,,,,,,,,,,,,,,,,,,,,,,,,,,,,,,,,,,,,,,,,,,,,,,,,,,,,,,,,,,,,,,,,,,,,,,,,,,,,,,,,,,,,,,,,,,,
2023-07-01,2.50,-0.30,-4.40,3.70 ,-14.26,-12.15,3.40,-8.50,5.70,9.41,10.70,5366,,,,,,,,,,,,,,,,,,,,,,,,,,,,,,,,,,,,,,,,,,,,,,,,,,,,,,,,,,,,,,,,,,,,,,,,,,,,,,,,,,,,,,,,,,,,,,,,,,,,,,,,,,,,,,,,,,,,,,,,,,,,,,,,,,,,,,
2023-08-01,4.60,0.10,-3.00,4.50 ,-8.55,-7.19,3.20,-8.80,5.90,8.96,10.60,31279,,,,,,,,,,,,,,,,,,,,,,,,,,,,,,,,,,,,,,,,,,,,,,,,,,,,,,,,,,,,,,,,,,,,,,,,,,,,,,,,,,,,,,,,,,,,,,,,,,,,,,,,,,,,,,,,,,,,,,,,,,,,,,,,,,,,,,
2023-09-01,5.50,0.00,-2.50,4.50 ,-6.85,-6.25,3.10,-9.10,6.20,8.64,10.30,41326,,,,,,,,,,,,,,,,,,,,,,,,,,,,,,,,,,,,,,,,,,,,,,,,,,,,,,,,,,,,,,,,,,,,,,,,,,,,,,,,,,,,,,,,,,,,,,,,,,,,,,,,,,,,,,,,,,,,,,,,,,,,,,,,,,,,,,
2023-10-01,7.60,-0.20,-2.60,4.60 ,-6.61,3.03,2.90,-9.30,6.20,8.27,10.30,18441,,,,,,,,,,,,,,,,,,,,,,,,,,,,,,,,,,,,,,,,,,,,,,,,,,,,,,,,,,,,,,,,,,,,,,,,,,,,,,,,,,,,,,,,,,,,,,,,,,,,,,,,,,,,,,,,,,,,,,,,,,,,,,,,,,,,,,
2023-11-01,10.10,-0.50,-3.00,6.60 ,0.69,-0.56,2.90,-9.40,6.30,7.96,10.00,24554,,,,,,,,,,,,,,,,,,,,,,,,,,,,,,,,,,,,,,,,,,,,,,,,,,,,,,,,,,,,,,,,,,,,,,,,,,,,,,,,,,,,,,,,,,,,,,,,,,,,,,,,,,,,,,,,,,,,,,,,,,,,,,,,,,,,,,
2023-12-01,7.40,-0.30,-2.70,6.80 ,2.15,0.29,3.00,-9.60,6.50,8.24,9.70,19326,,,,,,,,,,,,,,,,,,,,,,,,,,,,,,,,,,,,,,,,,,,,,,,,,,,,,,,,,,,,,,,,,,,,,,,,,,,,,,,,,,,,,,,,,,,,,,,,,,,,,,,,,,,,,,,,,,,,,,,,,,,,,,,,,,,,,,
2024-01-01,6.45,-0.80,-2.50,26.30 ,7.70,15.60,3.60,-9.30,7.95,8.60,8.70,64734,,,,,,,,,,,,,,,,,,,,,,,,,,,,,,,,,,,,,,,,,,,,,,,,,,,,,,,,,,,,,,,,,,,,,,,,,,,,,,,,,,,,,,,,,,,,,,,,,,,,,,,,,,,,,,,,,,,,,,,,,,,,,,,,,,,,,,
2024-02-01,5.50,0.70,-2.70,-12.70,6.25,-8.05,4.20,-9.00,9.40,8.96,8.70,14959.00,,,,,,,,,,,,,,,,,,,,,,,,,,,,,,,,,,,,,,,,,,,,,,,,,,,,,,,,,,,,,,,,,,,,,,,,,,,,,,,,,,,,,,,,,,,,,,,,,,,,,,,,,,,,,,,,,,,,,,,,,,,,,,,,,,,,,,
2024-03-01,3.10,0.10,-2.80,4.50,-7.68,-1.99,4.50,-9.50,9.90,8.75,8.30,48335.00,,,,,,,,,,,,,,,,,,,,,,,,,,,,,,,,,,,,,,,,,,,,,,,,,,,,,,,,,,,,,,,,,,,,,,,,,,,,,,,,,,,,,,,,,,,,,,,,,,,,,,,,,,,,,,,,,,,,,,,,,,,,,,,,,,,,,,
2024-04-01,2.30,0.30,-2.50,6.70,1.33,8.32,4.20,-9.80,9.70,7.78,7.20,-658.00,,,,,,,,,,,,,,,,,,,,,,,,,,,,,,,,,,,,,,,,,,,,,,,,,,,,,,,,,,,,,,,,,,,,,,,,,,,,,,,,,,,,,,,,,,,,,,,,,,,,,,,,,,,,,,,,,,,,,,,,,,,,,,,,,,,,,,
2024-05-01,3.70,0.30,-1.40,5.60,7.41,2.14,4.00,-10.10,9.60,6.68,7.00,20623.00,,,,,,,,,,,,,,,,,,,,,,,,,,,,,,,,,,,,,,,,,,,,,,,,,,,,,,,,,,,,,,,,,,,,,,,,,,,,,,,,,,,,,,,,,,,,,,,,,,,,,,,,,,,,,,,,,,,,,,,,,,,,,,,,,,,,,,
2024-06-01,2.00,0.20,-0.80,5.30,8.45,-2.55,3.90,-10.10,9.50,7.70,6.20,32985.00,,,,,,,,,,,,,,,,,,,,,,,,,,,,,,,,,,,,,,,,,,,,,,,,,,,,,,,,,,,,,,,,,,,,,,,,,,,,,,,,,,,,,,,,,,,,,,,,,,,,,,,,,,,,,,,,,,,,,,,,,,,,,,,,,,,,,,
2024-07-01,2.70,0.50,-0.80,5.10,6.93,6.67,3.60,-10.20,9.30,8.14,6.30,7707.00,,,,,,,,,,,,,,,,,,,,,,,,,,,,,,,,,,,,,,,,,,,,,,,,,,,,,,,,,,,,,,,,,,,,,,,,,,,,,,,,,,,,,,,,,,,,,,,,,,,,,,,,,,,,,,,,,,,,,,,,,,,,,,,,,,,,,,
2024-08-01,2.10,0.60,-1.80,4.50,8.60,0.07,3.40,-10.20,9.10,7.87,6.30,30323.00,,,,,,,,,,,,,,,,,,,,,,,,,,,,,,,,,,,,,,,,,,,,,,,,,,,,,,,,,,,,,,,,,,,,,,,,,,,,,,,,,,,,,,,,,,,,,,,,,,,,,,,,,,,,,,,,,,,,,,,,,,,,,,,,,,,,,,
2024-09-01,3.20,0.40,-2.80,5.40,2.35,0.16,3.40,-10.10,9.20,9.26,6.80,37635.00,,,,,,,,,,,,,,,,,,,,,,,,,,,,,,,,,,,,,,,,,,,,,,,,,,,,,,,,,,,,,,,,,,,,,,,,,,,,,,,,,,,,,,,,,,,,,,,,,,,,,,,,,,,,,,,,,,,,,,,,,,,,,,,,,,,,,,
2024-10-01,4.80,0.30,-2.90,5.30,12.65,-2.29,3.40,-10.30,9.30,9.35,7.50,14120.00,,,,,,,,,,,,,,,,,,,,,,,,,,,,,,,,,,,,,,,,,,,,,,,,,,,,,,,,,,,,,,,,,,,,,,,,,,,,,,,,,,,,,,,,,,,,,,,,,,,,,,,,,,,,,,,,,,,,,,,,,,,,,,,,,,,,,,
2024-11-01,3.00,0.20,-2.50,5.40,6.59,-3.88,3.30,-10.40,9.30,9.39,7.10,23288.00,,,,,,,,,,,,,,,,,,,,,,,,,,,,,,,,,,,,,,,,,,,,,,,,,,,,,,,,,,,,,,,,,,,,,,,,,,,,,,,,,,,,,,,,,,,,,,,,,,,,,,,,,,,,,,,,,,,,,,,,,,,,,,,,,,,,,,
2024-12-01,3.70,0.10,-2.30,6.20,10.70,0.93,3.20,-10.60,9.20,9.19,7.30,28507.00,,,,,,,,,,,,,,,,,,,,,,,,,,,,,,,,,,,,,,,,,,,,,,,,,,,,,,,,,,,,,,,,,,,,,,,,,,,,,,,,,,,,,,,,,,,,,,,,,,,,,,,,,,,,,,,,,,,,,,,,,,,,,,,,,,,,,,
2025-01-01,4.00,0.50,-2.30,-11.11,6.00,-16.40,3.65,-10.20,9.10,9.57,7.00,70546.00,,,,,,,,,,,,,,,,,,,,,,,,,,,,,,,,,,,,,,,,,,,,,,,,,,,,,,,,,,,,,,,,,,,,,,,,,,,,,,,,,,,,,,,,,,,,,,,,,,,,,,,,,,,,,,,,,,,,,,,,,,,,,,,,,,,,,,
2025-02-01,4.00,-0.70,-2.20,31.02,-3.00,1.50,4.10,-9.80,9.00,9.95,7.00,22375.00,,,,,,,,,,,,,,,,,,,,,,,,,,,,,,,,,,,,,,,,,,,,,,,,,,,,,,,,,,,,,,,,,,,,,,,,,,,,,,,,,,,,,,,,,,,,,,,,,,,,,,,,,,,,,,,,,,,,,,,,,,,,,,,,,,,,,,
2025-03-01,5.90,-0.10,-2.50,7.70,12.30,-4.40,4.20,-9.90,9.10,11.50,7.00,58894.00,,,,,,,,,,,,,,,,,,,,,,,,,,,,,,,,,,,,,,,,,,,,,,,,,,,,,,,,,,,,,,,,,,,,,,,,,,,,,,,,,,,,,,,,,,,,,,,,,,,,,,,,,,,,,,,,,,,,,,,,,,,,,,,,,,,,,,
2025-04-01,5.10,-0.10,-2.70,6.10,8.10,-0.20,4.00,-10.30,8.80,10.85,8.00,11591.00,,,,,,,,,,,,,,,,,,,,,,,,,,,,,,,,,,,,,,,,,,,,,,,,,,,,,,,,,,,,,,,,,,,,,,,,,,,,,,,,,,,,,,,,,,,,,,,,,,,,,,,,,,,,,,,,,,,,,,,,,,,,,,,,,,,,,,
2025-05-01,5.298763,0.026517,-2.433717,9.156081,10.716196,0.693968,3.908673,-10.26653,8.891644,10.45083,8.357535,26451.18,,,,,,,,,,,,,,,,,,,,,,,,,,,,,,,,,,,,,,,,,,,,,,,,,,,,,,,,,,,,,,,,,,,,,,,,,,,,,,,,,,,,,,,,,,,,,,,,,,,,,,,,,,,,,,,,,,,,,,,,,,,,,,,,,,,,,,
2025-06-01,3.852835,0.005073,-2.475196,8.96684,10.582466,0.057003,3.758764,-10.282563,8.890028,10.803592,8.291613,39045.637,,,,,,,,,,,,,,,,,,,,,,,,,,,,,,,,,,,,,,,,,,,,,,,,,,,,,,,,,,,,,,,,,,,,,,,,,,,,,,,,,,,,,,,,,,,,,,,,,,,,,,,,,,,,,,,,,,,,,,,,,,,,,,,,,,,,,,
2025-06-30,,,,,,,,,,,,,63.667393,1.73273,2.802994,5.692451,2.2568781,100.510376,82.040596,75.10441,1.6866074,59.015736,106.82365,1.6150881,101.71212,101.00554,86.64019,103.99016,42.936195,3.3209229,1435.3386,160.05408,103.45961,2.167486,100.63161,84.58239,99.39853,1.4773743,703.26776,124.70459,1171.8574,106.733574,0.035941675,1.7547147,103.28465,5127.1514,2.0023224,2591.2156,51.202217,627.19916,107.32177,107.263916,3335.758,99.86493,3438.0847,8335.667,1.1067017,7.2324677,101.83092,0.14301595,23.159739,20033.643,1.8705548,2701.5095,100.627754,1.6713775,101.26697,-0.022181973,101.21814,-0.43732864,102.6861,106.24003,1361.1301,5209.07,100.00785,3407.3367,101.83657,99.31387,64.99914,47.38615,100.09132,3117.412,105.38509,104.544556,78.29391,2.2908936,1037.6161,-0.09382881,62.211002,182.61958,101.71349,-0.0458176,-3.9888191,52.13495,54.021637,13.244118,1399.4509,56.76336,1.3193012,951.25507,99.86412,0.105295345,3486.1516,33.227314,155.95238,102.143036,1029.0273,-8.004511,2403.3403,840.9975,60.485596,88.06513,4.984499,107.64628,143.45294,219610.75,101.21838,7.1976404,73.74414,13.8164835,1.6190673,0.022881567,3565.4048,51.404366,2.330108,1136.9089,54.446655,109.10099,58.746376,47.953125,353.57166,3340.55,103.4935,1056.091,7.9652734,1.9142396,1604.5499,32.599457,210.34229,2249.9558,10.018981,102.42522,71.851814,6187.378,0.98814684,1426.3717
2025-07-01,3.515288,0.036988,-2.376005,9.334371,9.865269,-0.005299,3.559792,-10.242566,8.858769,10.933804,8.380425,21501.643,,,,,,,,,,,,,,,,,,,,,,,,,,,,,,,,,,,,,,,,,,,,,,,,,,,,,,,,,,,,,,,,,,,,,,,,,,,,,,,,,,,,,,,,,,,,,,,,,,,,,,,,,,,,,,,,,,,,,,,,,,,,,,,,,,,,,,
2025-07-31,,,,,,,,,,,,,63.248665,1.7098696,2.8118346,5.708966,2.2024288,100.52858,81.41816,74.77132,1.6516837,58.940933,106.55314,1.5985705,101.70172,101.10501,87.26957,102.788345,42.364456,-10.190018,1424.3708,147.25742,103.2568,2.116139,100.39889,83.96809,99.379814,1.4519764,708.7048,123.40285,1208.5737,106.22185,0.025593087,1.745162,102.77159,5088.5776,1.9502599,2605.9004,49.4712,638.712,108.351036,108.48256,3330.5227,99.86216,3326.818,8336.985,1.1059637,7.2262497,101.84081,0.14848745,14.40338,19957.457,1.8271564,3049.6719,100.71492,1.6571552,101.13436,-0.020262932,104.61314,-0.42558056,99.67461,106.072945,1357.0452,5201.2666,100.00169,3399.8064,101.217705,99.66907,65.64652,47.11972,100.14037,3112.786,105.17973,105.3338,77.919044,2.2818499,968.8916,-0.07084447,62.94393,157.52478,101.85566,-0.01973775,-5.949608,52.378273,52.54767,13.404793,1400.8546,56.548607,1.3209877,944.3706,99.99601,0.087946534,3499.6646,34.46681,140.04926,101.34458,1004.24915,-9.06332,2414.3848,824.51215,57.79223,86.25247,5.007616,105.49385,144.5596,220251.78,101.214745,7.1966286,74.24727,5.914098,1.5829107,0.011989489,3581.3403,52.630955,2.3243208,1102.8048,53.220306,109.29387,58.822227,47.88939,354.939,3297.2603,103.69521,1062.0452,7.9531593,1.8652254,1610.6304,12.304985,207.95496,2258.4014,10.1338825,102.03295,71.58599,6200.0493,0.98879814,1415.903
2025-08-01,3.709798,0.093964,-2.408727,8.936795,11.018211,-0.140553,3.424815,-10.242931,8.84657,10.915665,8.462914,39260.06,,,,,,,,,,,,,,,,,,,,,,,,,,,,,,,,,,,,,,,,,,,,,,,,,,,,,,,,,,,,,,,,,,,,,,,,,,,,,,,,,,,,,,,,,,,,,,,,,,,,,,,,,,,,,,,,,,,,,,,,,,,,,,,,,,,,,,
2025-08-31,,,,,,,,,,,,,58.492638,1.7189896,2.7877522,5.7050843,2.1835582,100.492134,82.01331,75.76968,1.6735381,57.38477,106.60218,1.5334101,101.70765,101.15588,86.140945,102.42577,39.475807,-3.065567,1395.502,156.66028,103.27847,2.0437405,100.41226,82.386635,99.360954,1.4698678,709.6414,121.64465,1193.2947,105.82737,0.02108778,1.6941513,103.255936,5197.189,1.9161779,2564.6533,49.456345,632.5474,108.67344,108.95282,3298.3977,99.85593,3309.0464,8330.542,1.1008465,7.2234855,101.40254,0.12719503,12.169647,19719.26,1.7892315,2892.332,100.95763,1.6496576,101.17138,-0.018105712,104.9716,-0.46822292,98.90248,105.99743,1340.2035,5208.265,99.998795,3371.2788,100.67268,99.758705,65.65916,45.315952,100.20292,3090.6833,105.09423,105.736244,78.5833,2.2722366,905.4132,-0.06768568,62.99173,162.15356,101.820946,-0.004296258,-5.1221943,52.12073,52.533752,13.3600235,1404.4937,55.156723,1.3139234,948.8831,100.115906,0.08598173,3497.684,36.12159,148.47458,101.02926,1010.0968,-6.0019836,2410.8535,818.34485,58.353188,89.10266,5.002536,104.78302,144.0837,218839.38,101.08138,7.1971836,73.602646,3.2782545,1.6056352,0.024330243,3752.997,51.407494,2.2739456,1081.3575,52.638218,108.943634,58.496666,47.792694,357.4104,3273.366,103.88388,1053.1367,7.920351,1.8360814,1609.7758,9.032127,207.64351,2222.3875,10.305939,101.47086,72.027725,6204.4697,0.9875729,1409.9583
2025-09-01,4.18,0.024497,-2.441749,9.19996,10.487627,-0.023596,3.346288,-10.271059,8.943491,11.066749,8.485263,42425.926,,,,,,,,,,,,,,,,,,,,,,,,,,,,,,,,,,,,,,,,,,,,,,,,,,,,,,,,,,,,,,,,,,,,,,,,,,,,,,,,,,,,,,,,,,,,,,,,,,,,,,,,,,,,,,,,,,,,,,,,,,,,,,,,,,,,,,
2025-09-30,,,,,,,,,,,,,61.375458,1.7529869,2.76861,5.688151,2.191983,100.52487,82.2971,76.93325,1.7485427,57.881065,106.09527,1.3900081,101.7018,101.16508,84.71214,102.13225,40.741535,-1.2523804,1397.6483,147.22498,103.34857,1.9960809,100.315636,80.76516,99.33876,1.471468,706.2774,120.93452,1144.3602,105.47063,0.020526394,1.6895748,103.08732,5124.394,1.880568,2548.7253,49.343826,632.60254,107.05882,108.98631,3307.839,99.84792,3261.4292,8259.475,1.0946517,7.2127314,101.6069,0.15368438,11.107299,19725.33,1.7652999,2389.2998,100.97696,1.6840048,101.07585,-0.014506158,106.16858,-0.4150987,98.739876,105.85528,1383.5154,5199.8345,99.99614,3335.888,101.76143,99.93676,65.087135,45.69927,100.19453,3076.9426,105.05966,105.71398,80.01423,2.2659442,884.4249,-0.041480184,62.493446,168.5198,101.83373,-0.012318477,-3.2082577,50.54267,51.940933,12.762501,1401.3507,53.194557,1.3071103,956.0962,100.12683,0.0557231,3488.4927,34.535908,147.58084,100.82213,1038.4229,-4.302288,2412.0483,822.2169,58.438217,92.047264,4.9560995,104.37211,145.2253,221441.56,101.32551,7.1870255,74.205345,4.356743,1.5906909,0.010435015,3514.6248,52.01891,2.2781281,1059.8304,52.11653,108.767136,59.22233,47.01472,357.3148,3255.0132,103.9608,1053.9808,7.8774242,1.8015287,1602.4602,13.106529,206.63702,2212.878,10.143917,101.201546,71.91802,6199.682,0.99917436,1358.3308
2025-10-01,4.967391,-0.007432,-2.464832,8.480653,11.551462,0.333288,3.235905,-10.365711,8.819511,10.941964,8.769627,28848.652,,,,,,,,,,,,,,,,,,,,,,,,,,,,,,,,,,,,,,,,,,,,,,,,,,,,,,,,,,,,,,,,,,,,,,,,,,,,,,,,,,,,,,,,,,,,,,,,,,,,,,,,,,,,,,,,,,,,,,,,,,,,,,,,,,,,,,
2025-10-31,,,,,,,,,,,,,61.90992,1.7662499,2.8094933,5.6448717,2.2137165,100.528694,81.847496,77.225334,1.7685508,58.449074,105.10058,1.525106,101.71059,101.21231,78.66577,101.930664,41.276585,5.288559,1392.4832,164.0614,103.39821,1.9855669,100.18491,84.75737,99.36649,1.4829328,699.6752,122.18551,1103.5208,104.98288,0.023454912,1.6550078,103.1388,5155.217,1.8340827,2508.775,49.38212,623.3404,107.65669,109.16991,3342.1724,99.84622,3238.331,8142.1436,1.0867426,7.2209206,101.35529,0.14300159,10.54477,19699.447,1.7190713,2169.9517,101.341774,1.6616405,101.38869,-0.01979202,105.40079,-0.41848433,99.04657,105.84912,1373.4927,5188.4556,100.00194,3377.44,102.17909,99.93062,65.25712,46.08858,100.208466,3101.926,104.901726,105.71694,80.18949,2.2724557,963.56866,-0.062482655,62.68618,176.65727,101.86147,-0.02267231,1.0333366,51.46665,52.00032,13.361875,1406.9257,48.509983,1.2962486,956.5752,100.189735,0.09997882,3498.6567,36.37246,158.31876,100.71285,1038.7678,-1.3165436,2421.516,815.65894,59.760113,93.14855,4.937836,104.06683,144.11832,222741.84,101.26837,7.190162,73.26305,6.614957,1.5655452,0.035345808,3229.5408,52.190453,2.3387897,1100.6466,52.133507,108.90211,57.699867,46.49482,357.21964,3303.5981,104.08102,1064.6018,7.8149123,1.7532952,1608.6493,24.042824,210.23285,2226.7559,10.289748,101.04079,72.07116,6220.355,0.99753577,1373.6626
2025-11-01,4.898776,-0.066333,-2.449091,8.702235,10.718254,0.025717,3.182678,-10.37567,8.889221,10.847515,8.700003,37768.875,,,,,,,,,,,,,,,,,,,,,,,,,,,,,,,,,,,,,,,,,,,,,,,,,,,,,,,,,,,,,,,,,,,,,,,,,,,,,,,,,,,,,,,,,,,,,,,,,,,,,,,,,,,,,,,,,,,,,,,,,,,,,,,,,,,,,,
2025-11-30,,,,,,,,,,,,,61.414856,1.7577088,2.7944968,5.6491356,2.2342453,100.516556,81.4605,77.409424,1.7187742,59.699783,105.68845,1.5051612,101.708015,101.26046,74.83664,101.80331,40.927612,11.594101,1387.9708,159.17065,103.23126,1.9640607,100.184135,83.936485,99.28401,1.4869105,694.39484,123.759445,1109.186,104.74541,0.02612856,1.6392169,103.41687,5143.506,1.7969689,2496.8875,49.2286,620.0109,107.342155,108.771484,3328.9514,99.83726,3245.145,7977.8613,1.0858127,7.2248406,101.30394,0.15400237,9.796588,19800.898,1.6866026,2436.8345,101.39307,1.6671134,100.96746,-0.016438236,104.62123,-0.40315863,98.91564,105.89432,1319.2694,5176.668,99.996956,3375.6873,104.18932,99.88092,64.481476,45.5714,100.19961,3098.328,104.727554,106.33999,80.53721,2.2473667,954.7332,-0.042989418,61.828743,178.18729,101.859604,-0.020334437,1.438015,52.191536,51.770103,13.238825,1405.3619,48.778873,1.2946241,941.65125,100.16509,0.100642845,3495.0037,34.46797,158.65579,100.58451,998.7418,-1.4928055,2422.156,810.9138,58.13534,92.32006,4.9184895,103.72479,141.01321,229043.56,101.19342,7.193617,73.20677,8.757134,1.5549608,0.030928925,3051.1997,51.86242,2.3553522,1116.611,52.215454,108.90778,59.095577,46.67147,358.83023,3325.7356,103.9307,1066.4647,7.8100753,1.7156358,1606.1447,38.92402,209.33665,2222.1665,10.189553,101.24303,71.51738,6219.5537,1.0080824,1360.7064
2025-12-01,4.817958,-0.098457,-2.347276,8.31079,11.065519,-0.010233,3.181646,-10.449669,8.803822,11.048986,8.899474,36805.92,,,,,,,,,,,,,,,,,,,,,,,,,,,,,,,,,,,,,,,,,,,,,,,,,,,,,,,,,,,,,,,,,,,,,,,,,,,,,,,,,,,,,,,,,,,,,,,,,,,,,,,,,,,,,,,,,,,,,,,,,,,,,,,,,,,,,,
2025-12-31,,,,,,,,,,,,,62.801277,1.7818866,2.739796,5.544002,2.2276099,100.46962,81.9396,77.99606,1.7645161,58.94784,105.88949,1.4759456,101.71573,101.22975,72.78013,101.85569,40.999313,6.4307556,1370.1165,167.90125,103.38234,1.9476398,100.2347,83.88023,99.29347,1.4393833,690.75,123.963936,1103.69,105.031975,0.05284208,1.562633,103.17232,5199.063,1.7645143,2499.6826,47.88526,643.4147,107.63249,109.4206,3345.636,99.84545,3155.6611,8123.778,1.0840468,7.222806,101.08942,0.14276275,9.382515,19765.645,1.6465129,2461.9175,101.29279,1.6497315,101.36979,-0.021278907,105.44119,-0.39056036,98.997696,105.978775,1260.6069,5164.113,99.99198,3403.2026,106.01654,99.954414,63.891,45.17701,100.244934,3120.738,104.69391,105.67875,80.713776,2.1537855,948.2328,-0.056836203,61.38889,172.99307,101.883514,-0.020172685,-1.3816586,52.675762,50.583603,13.269605,1405.6508,47.389076,1.2959262,923.5044,100.142944,0.034969047,3487.674,32.623295,160.45535,100.60632,959.9292,-6.3747673,2415.1853,789.2037,55.991966,91.44835,4.8993087,103.636185,142.70682,237913.66,100.825554,7.190501,73.363144,8.512944,1.5339035,0.046318397,2906.5781,51.85675,2.3516603,1090.3086,51.141487,108.83703,57.628166,47.506996,362.18707,3335.8257,104.163,1078.6093,7.796295,1.6668508,1601.4182,38.60672,210.06255,2247.3337,10.26965,101.322655,71.70013,6217.0796,1.0106881,1357.3629
